[
  {
    "name": "theme_info",
    "theme_name": "Supply",
    "theme_author": "Shopify",
    "theme_version": "9.5.2",
    "theme_documentation_url": "https:\/\/help.shopify.com\/manual\/using-themes\/themes-by-shopify\/supply",
    "theme_support_url": "https:\/\/support.shopify.com\/"
  },
  {
    "name": {
      "cs": "Barvy",
      "da": "Farver",
      "de": "Farben",
      "en": "Colors",
      "es": "Colores",
      "fi": "Värit",
      "fr": "Couleurs",
      "it": "Colori",
      "ja": "色",
      "ko": "색상",
      "nb": "Farger",
      "nl": "Kleuren",
      "pl": "Kolory",
      "pt-BR": "Cores",
      "pt-PT": "Cores",
      "sv": "Färger",
      "th": "สี",
      "tr": "Renkler",
      "vi": "Màu",
      "zh-CN": "颜色",
      "zh-TW": "色彩"
    },
    "settings": [
      {
        "type": "header",
        "content": {
          "cs": "Obecné",
          "da": "Generelt",
          "de": "Allgemein",
          "en": "General",
          "es": "General",
          "fi": "Yleistä",
          "fr": "Menu général",
          "it": "Generale",
          "ja": "一般設定",
          "ko": "일반",
          "nb": "Generelt",
          "nl": "Algemeen",
          "pl": "Ogólne",
          "pt-BR": "Geral",
          "pt-PT": "Geral",
          "sv": "Allmänt",
          "th": "ทั่วไป",
          "tr": "Genel",
          "vi": "Tổng quan",
          "zh-CN": "通用",
          "zh-TW": "一般"
        }
      },
      {
        "type": "color",
        "id": "color_primary",
        "label": {
          "cs": "Primární obsah",
          "da": "Primært indhold",
          "de": "Primärer Inhalt",
          "en": "Primary content",
          "es": "Contenido principal",
          "fi": "Ensisijainen sisältö",
          "fr": "Contenu principal",
          "it": "Contenuti primari",
          "ja": "主要コンテンツ",
          "ko": "기본 콘텐츠",
          "nb": "Hovedinnhold",
          "nl": "Primaire content",
          "pl": "Zawartość podstawowa",
          "pt-BR": "Conteúdo principal",
          "pt-PT": "Conteúdo principal",
          "sv": "Primärt innehåll",
          "th": "เนื้อหาหลัก",
          "tr": "Birincil içerik",
          "vi": "Nội dung chính",
          "zh-CN": "主要内容",
          "zh-TW": "主要內容"
        },
        "default": "#204a80",
        "info": {
          "cs": "Textové odkazy a primární tlačítka",
          "da": "Tekstlinks og primære knapper",
          "de": "Textlinks und primäre Schaltflächen",
          "en": "Text links and primary buttons",
          "es": "Enlaces de texto y botones principales",
          "fi": "Tekstilinkit ja ensisijaiset painikkeet",
          "fr": "Liens de texte et boutons principaux",
          "it": "Text link e pulsanti primari",
          "ja": "テキストリンクと支払いボタン",
          "ko": "텍스트 링크 및 기본 버튼보조 컨텐츠",
          "nb": "Tekstkoblinger og primærknapper",
          "nl": "Tekstlinks en primaire knoppen",
          "pl": "Linki tekstowe i główne przyciski",
          "pt-BR": "Links de texto e botões principais",
          "pt-PT": "Ligações de texto e botões principais",
          "sv": "Textlänkar och primära knappar",
          "th": "ลิงก์ข้อความและปุ่มหลัก",
          "tr": "Metin bağlantıları ve birincil düğmeler",
          "vi": "Liên kết văn bản và nút chính",
          "zh-CN": "文本链接和主要按钮",
          "zh-TW": "文字連結與主要按鈕"
        }
      },
      {
        "type": "color",
        "id": "color_secondary",
        "label": {
          "cs": "Sekundární obsah",
          "da": "Sekundært indhold",
          "de": "Sekundärer Inhalt",
          "en": "Secondary content",
          "es": "Contenido secundario",
          "fi": "Toissijainen sisältö",
          "fr": "Contenu secondaire",
          "it": "Contenuti secondari",
          "ja": "サブコンテンツ",
          "ko": "보조 콘텐츠",
          "nb": "Sekundært innhold",
          "nl": "Secundaire content",
          "pl": "Dodatkowa zawartość",
          "pt-BR": "Conteúdo secundário",
          "pt-PT": "Conteúdo secundário",
          "sv": "Sekundärt innehåll",
          "th": "เนื้อหารอง",
          "tr": "İkincil içerik",
          "vi": "Nội dung phụ",
          "zh-CN": "辅助内容",
          "zh-TW": "次要內容"
        },
        "default": "#dcdcdc",
        "info": {
          "cs": "Sekundární tlačítka",
          "da": "Sekundære knapper",
          "de": "Sekundäre Schaltflächen",
          "en": "Secondary buttons",
          "es": "Botones secundarios",
          "fi": "Toissijaiset painikkeet",
          "fr": "Boutons secondaires",
          "it": "Pulsanti secondari",
          "ja": "サブボタン",
          "ko": "보조 버튼",
          "nb": "Sekundære knapper",
          "nl": "Secundaire knoppen",
          "pl": "Dodatkowe przyciski",
          "pt-BR": "Botões secundários",
          "pt-PT": "Botões secundários",
          "sv": "Sekundära knappar",
          "th": "ปุ่มรอง",
          "tr": "İkincil düğmeler",
          "vi": "Nút phụ",
          "zh-CN": "辅助按钮",
          "zh-TW": "次要按鈕"
        }
      },
      {
        "type": "color",
        "id": "color_accent",
        "label": {
          "cs": "Zvýraznění",
          "da": "Accenter",
          "de": "Akzente",
          "en": "Accents",
          "es": "Acentos",
          "fi": "Korostukset",
          "fr": "Accents",
          "it": "Elementi in risalto",
          "ja": "アクセント",
          "ko": "강조",
          "nb": "Uthevinger",
          "nl": "Accenten",
          "pl": "Akcenty",
          "pt-BR": "Destaques",
          "pt-PT": "Destaques",
          "sv": "Accenter",
          "th": "การเน้น",
          "tr": "Vurgular",
          "vi": "Điểm nhấn",
          "zh-CN": "主题色",
          "zh-TW": "強調"
        },
        "default": "#ffea00",
        "info": {
          "cs": "Množství v košíku",
          "da": "Antal i indkøbskurven",
          "de": "Warenkorbmenge",
          "en": "Cart quantity",
          "es": "Cantidad del carrito",
          "fi": "Määrä",
          "fr": "Quantité du panier",
          "it": "Quantità del carrello",
          "ja": "数量",
          "ko": "카트 수량",
          "nb": "Antall i handlekurven",
          "nl": "Hoeveelheid winkelwagen",
          "pl": "Ilość w koszyku",
          "pt-BR": "Quantidade no carrinho",
          "pt-PT": "Quantidade no carrinho",
          "sv": "Varukorg kvantitet",
          "th": "จำนวนตะกร้าสินค้า",
          "tr": "Sepete adedi",
          "vi": "Số lượng giỏ hàng",
          "zh-CN": "购物车数量",
          "zh-TW": "購物車數量"
        }
      },
      {
        "type": "color",
        "id": "color_body_bg",
        "label": {
          "cs": "Pozadí hlavní části",
          "da": "Baggrund for brødtekst",
          "de": "Körperhintergrund",
          "en": "Body background",
          "es": "Fondo del cuerpo",
          "fi": "Näytön pääosan tausta",
          "fr": "Arrière-plan du corps",
          "it": "Sfondo corpo del testo",
          "ja": "本文の背景",
          "ko": "바디 백그라운드",
          "nb": "Bakgrunn for brødtekst",
          "nl": "Achtergrond hoofdtekst",
          "pl": "Tło treści",
          "pt-BR": "Plano de fundo do corpo",
          "pt-PT": "Fundo do corpo",
          "sv": "Brödtextbakgrund",
          "th": "พื้นหลังส่วนเนื้อหา",
          "tr": "Gövde arka planı",
          "vi": "Nền nội dung",
          "zh-CN": "正文背景",
          "zh-TW": "本文背景"
        },
        "default": "#ffffff"
      },
      {
        "type": "color",
        "id": "color_borders",
        "label": {
          "cs": "Ohraničení",
          "da": "Kanter",
          "de": "Rahmen",
          "en": "Borders",
          "es": "Bordes",
          "fi": "Reunukset",
          "fr": "Bordures",
          "it": "Bordi",
          "ja": "罫線",
          "ko": "테두리",
          "nb": "Rammer",
          "nl": "Randen",
          "pl": "Obramowania",
          "pt-BR": "Bordas",
          "pt-PT": "Limites",
          "sv": "Gränser",
          "th": "ขอบ",
          "tr": "Kenarlıklar",
          "vi": "Đường viền",
          "zh-CN": "边框",
          "zh-TW": "邊框"
        },
        "default": "#ececec"
      },
      {
        "type": "color",
        "id": "product_reviews_star_color",
        "label": {
          "cs": "Barva hvězdičky recenze",
          "da": "Farve på anmeldelsesstjerner",
          "de": "Farbe Bewertungssterne",
          "en": "Review Star color",
          "es": "Revisar color de la estrella",
          "fi": "Arvostelujen tähden väri",
          "fr": "Couleur des étoiles d'avis",
          "it": "Verifica colore stelline",
          "ja": "レビューの星の色",
          "ko": "별표 색상 검토",
          "nb": "Farge på omtalestjerner",
          "nl": "Bekijk sterkleur",
          "pl": "Kolor gwiazdki recenzji",
          "pt-BR": "Cor da estrela de avaliação",
          "pt-PT": "Cor da estrela de avaliação",
          "sv": "Granska stjärnfärg",
          "th": "สีของดาวรีวิว",
          "tr": "Değerlendirme Yıldızı rengi",
          "vi": "Màu của Sao đánh giá",
          "zh-CN": "查看星级颜色",
          "zh-TW": "檢視星評顏色"
        },
        "default": "#e5c649",
        "info": {
          "cs": "Vybraná možnost přepíše nastavení aplikace pro recenze produktů.",
          "da": "Dette valg tilsidesætter indstillingerne for din app til Produktanmeldelser.",
          "de": "Diese Auswahl überschreibt die Einstellungen deiner Produktbewertungsanwendung.",
          "en": "This selection overrides your product review app settings.",
          "es": "Esta selección anula la configuración de tu aplicación de reseña de producto.",
          "fi": "Tämä valinta ohittaa tuotearvostelusovelluksen asetukset.",
          "fr": "Cette sélection remplace les paramètres de votre application d'avis sur les produits.",
          "it": "Questa selezione prevale sulle impostazioni dell'app product review.",
          "ja": "この選択は、ご利用の商品レビューアプリの設定よりも優先されます。",
          "ko": "이 섹션에서 제품 검토 앱 설정을 재정의합니다.",
          "nb": "Dette valget overstyrer innstillingene for appen for produktomtaler.",
          "nl": "Deze selectie overschrijft je app-instellingen voor productrecensies.",
          "pl": "Wybór ten jest nadrzędny w stosunku do ustawień aplikacji do recenzji produktów.",
          "pt-BR": "Esta seleção substitui as configurações do app de avaliação de produtos.",
          "pt-PT": "Esta seleção substitui as definições da aplicação de análise de produtos.",
          "sv": "Det här valet överskrider appinställningarna för din produktgranskning.",
          "th": "การเลือกนี้จะแทนที่การตั้งค่าแอปรีวิวสินค้าของคุณ",
          "tr": "Bu seçim, ürün değerlendirmesi uygulama ayarlarınızı geçersiz kılar.",
          "vi": "Lựa chọn này sẽ ghi đè cài đặt ứng dụng đánh giá sản phẩm.",
          "zh-CN": "此选项会覆盖您的产品评论应用设置。",
          "zh-TW": "此選擇將覆寫您 Product Reviews 應用程式的設定。"
        }
      },
      {
        "type": "header",
        "content": {
          "cs": "Záhlaví",
          "da": "Overskrift",
          "de": "Header",
          "en": "Header",
          "es": "Encabezado",
          "fi": "Ylätunniste",
          "fr": "En-tête",
          "it": "Header",
          "ja": "ヘッダー",
          "ko": "헤더",
          "nb": "Header",
          "nl": "Koptekst",
          "pl": "Nagłówek",
          "pt-BR": "Cabeçalho",
          "pt-PT": "Cabeçalho",
          "sv": "Rubrik",
          "th": "ส่วนหัว",
          "tr": "Üstbilgi",
          "vi": "Đầu trang",
          "zh-CN": "标头",
          "zh-TW": "標頭"
        }
      },
      {
        "type": "color",
        "id": "color_header_background",
        "label": {
          "cs": "Pozadí",
          "da": "Baggrund",
          "de": "Hintergrund",
          "en": "Background",
          "es": "Fondo",
          "fi": "Tausta",
          "fr": "Arrière-plan",
          "it": "Sfondo",
          "ja": "背景",
          "ko": "배경",
          "nb": "Bakgrunn",
          "nl": "Achtergrond",
          "pl": "Tło",
          "pt-BR": "Plano de fundo",
          "pt-PT": "Fundo",
          "sv": "Bakgrund",
          "th": "พื้นหลัง",
          "tr": "Arka plan",
          "vi": "Nền",
          "zh-CN": "背景",
          "zh-TW": "背景"
        },
        "default": "#fff"
      },
      {
        "type": "color",
        "id": "color_header_text",
        "label": {
          "cs": "Text a odkazy",
          "da": "Tekst og links",
          "de": "Text und Links",
          "en": "Text and links",
          "es": "Texto y enlaces",
          "fi": "Teksti ja linkit",
          "fr": "Texte et liens",
          "it": "Testo e link",
          "ja": "テキストとリンク",
          "ko": "텍스트 및 링크",
          "nb": "Tekst og koblinger",
          "nl": "Tekst en links",
          "pl": "Tekst i linki",
          "pt-BR": "Texto e links",
          "pt-PT": "Texto e ligações",
          "sv": "Text och länkar",
          "th": "ข้อความและลิงก์",
          "tr": "Metin ve bağlantılar",
          "vi": "Văn bản và liên kết",
          "zh-CN": "文本和链接",
          "zh-TW": "文字與連結"
        },
        "default": "#fff"
      },
      {
        "type": "color",
        "id": "color_header_cart_search",
        "label": {
          "cs": "Tlačítko košíku a vyhledávací pole",
          "da": "Knap til indkøbskurv og søgefelt",
          "de": "Warenkorb-Schaltfläche und Suchfeld",
          "en": "Cart button and search field",
          "es": "Botón de carrito y campo de búsqueda",
          "fi": "Ostoskori-painike ja hakukenttä",
          "fr": "Bouton du panier et champ de recherche",
          "it": "Pulsante carrello e campo di ricerca",
          "ja": "カートボタンと検索フィールド",
          "ko": "카트 버튼 및 검색 필드",
          "nb": "Knapp til handlekurv og søkefelt",
          "nl": "Knop winkelwagen en zoekveld",
          "pl": "Przycisk koszyka i pole wyszukiwania",
          "pt-BR": "Botão de carrinho e campo de pesquisa",
          "pt-PT": "Botão do carrinho e campo de pesquisa",
          "sv": "Varukorg och sökfält",
          "th": "ปุ่มตะกร้าสินค้าและแถบค้นหา",
          "tr": "Sepet düğmesi ve arama alanı",
          "vi": "Nút giỏ hàng và trường tìm kiếm",
          "zh-CN": "购物车按钮和搜索字段",
          "zh-TW": "購物車按鈕與搜尋欄位"
        },
        "default": "#fff"
      },
      {
        "type": "color",
        "id": "color_nav_bg",
        "label": {
          "cs": "Pozadí hlavní nabídky",
          "da": "Baggrund for hovedmenu",
          "de": "Hintergrund Hauptmenü",
          "en": "Main menu background",
          "es": "Fondo del menú principal",
          "fi": "Päävalikon tausta",
          "fr": "Arrière-plan du menu principal",
          "it": "Sfondo menu principale",
          "ja": "メインメニューの背景",
          "ko": "주요 메뉴 배경",
          "nb": "Bakgrunn for hovedmeny",
          "nl": "Achtergrond hoofdmenu",
          "pl": "Tło głównego menu",
          "pt-BR": "Plano de fundo do menu principal",
          "pt-PT": "Fundo do menu principal",
          "sv": "Huvudbakgrund",
          "th": "พื้นหลังเมนูหลัก",
          "tr": "Ana menü arka planı",
          "vi": "Nền menu chính",
          "zh-CN": "主菜单背景",
          "zh-TW": "主選單背景"
        },
        "default": "#000"
      },
      {
        "type": "color",
        "id": "color_nav_text",
        "label": {
          "cs": "Položky hlavní nabídky",
          "da": "Baggrund for menupunkter",
          "de": "Hauptmenüpunkte",
          "en": "Main menu items",
          "es": "Opciones del menú principal",
          "fi": "Päävalikon kohdat",
          "fr": "Éléments du menu principal",
          "it": "Voci del menu principale",
          "ja": "メインメニューの項目",
          "ko": "주요 메뉴 품목",
          "nb": "Elementer i hovedmenyen",
          "nl": "Artikelen hoofdmenu",
          "pl": "Opcje głównego menu",
          "pt-BR": "Itens do menu principal",
          "pt-PT": "Itens do menu principal",
          "sv": "Huvudmenyalternativ",
          "th": "รายการเมนูหลัก",
          "tr": "Ana menü öğeleri",
          "vi": "Mục menu chính",
          "zh-CN": "主菜单项",
          "zh-TW": "主選單項目"
        },
        "default": "#fff"
      },
      {
        "type": "header",
        "content": {
          "cs": "Text",
          "da": "Tekst",
          "de": "Text",
          "en": "Text",
          "es": "Texto",
          "fi": "Teksti",
          "fr": "Texte",
          "it": "Testo",
          "ja": "テキスト",
          "ko": "텍스트",
          "nb": "Tekst",
          "nl": "Tekst",
          "pl": "Tekst",
          "pt-BR": "Texto",
          "pt-PT": "Texto",
          "sv": "Text",
          "th": "ข้อความ",
          "tr": "Metin",
          "vi": "Văn bản",
          "zh-CN": "文本",
          "zh-TW": "文字"
        }
      },
      {
        "type": "color",
        "id": "color_body_text",
        "label": {
          "cs": "Textová část",
          "da": "Brødtekst",
          "de": "Nachricht",
          "en": "Body",
          "es": "Cuerpo",
          "fi": "Runko",
          "fr": "Corps",
          "it": "Corpo",
          "ja": "ボディ",
          "ko": "본문",
          "nb": "Brødtekst",
          "nl": "Hoofdtekst",
          "pl": "Treść",
          "pt-BR": "Corpo",
          "pt-PT": "Corpo",
          "sv": "Brödtext",
          "th": "เนื้อหา",
          "tr": "Gövde",
          "vi": "Nội dung",
          "zh-CN": "正文",
          "zh-TW": "正文"
        },
        "default": "#333333"
      },
      {
        "type": "color",
        "id": "color_heading_text",
        "label": {
          "cs": "Nadpisy",
          "da": "Overskrifter",
          "de": "Überschriften",
          "en": "Headings",
          "es": "Títulos",
          "fi": "Otsikot",
          "fr": "Titres",
          "it": "Titoli",
          "ja": "見出し",
          "ko": "제목",
          "nb": "Overskrifter",
          "nl": "Koppen",
          "pl": "Nagłówki",
          "pt-BR": "Títulos",
          "pt-PT": "Títulos",
          "sv": "Rubriker",
          "th": "ส่วนหัว",
          "tr": "Başlıklar",
          "vi": "Tiêu đề",
          "zh-CN": "标题",
          "zh-TW": "標題"
        },
        "default": "#000000",
        "info": {
          "cs": "Všechny nadpisy a ceny produktů naformátované tučně",
          "da": "Alle overskrifter og produktpriser med fed",
          "de": "Alle Überschriften und fett gedruckte Produktpreise",
          "en": "All headings and bold product prices",
          "es": "Todos los encabezados y precios de productos en negrita",
          "fi": "Kaikki otsikot ja lihavoitujen tuotteiden hinnat",
          "fr": "Tous les titres et les prix des produits en gras",
          "it": "Tutti i titoli e prezzi dei prodotti in grassetto",
          "ja": "すべての見出しと太字の商品価格",
          "ko": "모든 머리말과 볼드체의 제품 가격",
          "nb": "Alle overskrifter og produktpriser i fet skrift",
          "nl": "Alle koppen en vetgedrukte productprijzen",
          "pl": "Wszystkie nagłówki i pogrubione ceny produktów",
          "pt-BR": "Todos os títulos e preços de produtos em negrito",
          "pt-PT": "Todos os títulos e preços de produtos em negrito",
          "sv": "Alla rubriker och fetstilta produktpriser",
          "th": "ส่วนหัวและราคาสินค้าตัวหนาทั้งหมด",
          "tr": "Tüm başlıklar ve kalın biçimde ürün fiyatları",
          "vi": "Tất cả tiêu đề và giá sản phẩm được in đậm",
          "zh-CN": "所有标题和粗体产品价格",
          "zh-TW": "所有標題與標示為粗體的產品價格"
        }
      },
      {
        "type": "header",
        "content": {
          "cs": "Zápatí",
          "da": "Sidefod",
          "de": "Fußzeile",
          "en": "Footer",
          "es": "Pie de página",
          "fi": "Alatunniste",
          "fr": "Bas de page",
          "it": "Footer",
          "ja": "フッター",
          "ko": "바닥글",
          "nb": "Footer",
          "nl": "Voettekst",
          "pl": "Stopka",
          "pt-BR": "Rodapé",
          "pt-PT": "Rodapé",
          "sv": "Sidfot",
          "th": "ส่วนท้าย",
          "tr": "Altbilgi",
          "vi": "Chân trang",
          "zh-CN": "页脚",
          "zh-TW": "頁尾"
        }
      },
      {
        "type": "color",
        "id": "color_footer_bg",
        "label": {
          "cs": "Pozadí",
          "da": "Baggrund",
          "de": "Hintergrund",
          "en": "Background",
          "es": "Fondo",
          "fi": "Tausta",
          "fr": "Arrière-plan",
          "it": "Sfondo",
          "ja": "背景",
          "ko": "배경",
          "nb": "Bakgrunn",
          "nl": "Achtergrond",
          "pl": "Tło",
          "pt-BR": "Plano de fundo",
          "pt-PT": "Fundo",
          "sv": "Bakgrund",
          "th": "พื้นหลัง",
          "tr": "Arka plan",
          "vi": "Nền",
          "zh-CN": "背景",
          "zh-TW": "背景"
        },
        "default": "#f2f2f2"
      },
      {
        "type": "color",
        "id": "color_footer_text",
        "label": {
          "cs": "Text",
          "da": "Tekst",
          "de": "Text",
          "en": "Text",
          "es": "Texto",
          "fi": "Teksti",
          "fr": "Texte",
          "it": "Testo",
          "ja": "テキスト",
          "ko": "텍스트",
          "nb": "Tekst",
          "nl": "Tekst",
          "pl": "Tekst",
          "pt-BR": "Texto",
          "pt-PT": "Texto",
          "sv": "Text",
          "th": "ข้อความ",
          "tr": "Metin",
          "vi": "Văn bản",
          "zh-CN": "文本",
          "zh-TW": "文字"
        },
        "default": "#636363"
      },
      {
        "type": "color",
        "id": "color_footer_social_link",
        "label": {
          "cs": "Ikony sociálních sítí a plateb",
          "da": "Ikoner for sociale medier og betaling",
          "de": "Social-Media- und Zahlungs-Symbole",
          "en": "Social media and payment icons",
          "es": "Iconos de redes sociales y de pago",
          "fi": "Some- ja maksukuvakkeet",
          "fr": "Icônes de médias sociaux et de paiement",
          "it": "Icone dei social media e di pagamento",
          "ja": "SNSと支払いのアイコン",
          "ko": "소셜 미디오 및 결제 아이콘",
          "nb": "Ikoner for sosiale medier og betaling",
          "nl": "Social media en betaalpictogrammen",
          "pl": "Media społecznościowe i ikony płatności",
          "pt-BR": "Ícones de redes sociais e pagamento",
          "pt-PT": "Ícones de redes sociais e pagamentos",
          "sv": "Sociala medier och betalningsikoner",
          "th": "ไอคอนโซเชียลมีเดียและการชำระเงิน",
          "tr": "Sosyal medya ve ödeme simgeleri",
          "vi": "Biểu tượng truyền thông xã hội và thanh toán",
          "zh-CN": "社交媒体和付款图标",
          "zh-TW": "社群媒體與付款圖示"
        },
        "default": "#bbbbbb"
      }
    ]
  },
  {
    "name": {
      "cs": "Typografie",
      "da": "Typografi",
      "de": "Typografie",
      "en": "Typography",
      "es": "Tipografía",
      "fi": "Typografia",
      "fr": "Typographie",
      "it": "Caratteri tipografici",
      "ja": "文字体裁",
      "ko": "입력 체계",
      "nb": "Typografi",
      "nl": "Typografie",
      "pl": "Typografia",
      "pt-BR": "Tipografia",
      "pt-PT": "Tipografia",
      "sv": "Typografi",
      "th": "ตัวพิมพ์",
      "tr": "Tipografi",
      "vi": "Kiểu chữ",
      "zh-CN": "版式",
      "zh-TW": "印刷樣式"
    },
    "settings": [
      {
        "type": "header",
        "content": {
          "cs": "Základní styly",
          "da": "Basistypografier",
          "de": "Basisstile",
          "en": "Base styles",
          "es": "Estilos base",
          "fi": "Pohjatyylit",
          "fr": "Styles de base",
          "it": "Stile di base",
          "ja": "基本スタイル",
          "ko": "기본 스타일",
          "nb": "Grunnstil",
          "nl": "Basisstijlen",
          "pl": "Podstawowe style",
          "pt-BR": "Estilos de base",
          "pt-PT": "Estilos de base",
          "sv": "Basformat",
          "th": "สไตล์มาตรฐาน",
          "tr": "Temel stilleri",
          "vi": "Kiểu cơ bản",
          "zh-CN": "基本样式",
          "zh-TW": "基本樣式"
        }
      },
      {
        "type": "font_picker",
        "id": "type_base_font",
        "label": {
          "cs": "Písmo",
          "da": "Skrifttype",
          "de": "Schriftart",
          "en": "Font",
          "es": "Fuente",
          "fi": "Fontti",
          "fr": "Police",
          "it": "Font",
          "ja": "フォント",
          "ko": "글꼴",
          "nb": "Skrifttype",
          "nl": "Lettertype",
          "pl": "Czcionka",
          "pt-BR": "Fonte",
          "pt-PT": "Tipo de letra",
          "sv": "Typsnitt",
          "th": "แบบอักษร",
          "tr": "Yazı tipi",
          "vi": "Phông chữ",
          "zh-CN": "字体",
          "zh-TW": "字型"
        },
        "default": "montserrat_n5"
      },
      {
        "type": "select",
        "id": "type_base_size",
        "label": {
          "cs": "Velikost písma",
          "da": "Skriftstørrelse",
          "de": "Schriftgröße",
          "en": "Font size",
          "es": "Tamaño de fuente",
          "fi": "Fonttikoko",
          "fr": "Taille de la police",
          "it": "Dimensione font",
          "ja": "フォントサイズ",
          "ko": "글꼴 사이즈",
          "nb": "Skriftstørrelse",
          "nl": "Lettertype",
          "pl": "Rozmiar czcionki",
          "pt-BR": "Tamanho da fonte",
          "pt-PT": "Tamanho do tipo de letra",
          "sv": "Textstorlek",
          "th": "ขนาดตัวอักษร",
          "tr": "Yazı boyutu",
          "vi": "Cỡ phông chữ",
          "zh-CN": "字号",
          "zh-TW": "字形大小"
        },
        "options": [
          {
            "value": "12px",
            "label": {
              "cs": "12 px",
              "da": "12 px",
              "de": "12px",
              "en": "12px",
              "es": "12px",
              "fi": "12 px",
              "fr": "12 px",
              "it": "12 px",
              "ja": "12ピクセル",
              "ko": "12픽셀",
              "nb": "12 piksler",
              "nl": "12px",
              "pl": "12 px",
              "pt-BR": "12px",
              "pt-PT": "12px",
              "sv": "12 px",
              "th": "12px",
              "tr": "12 piksel",
              "vi": "12px",
              "zh-CN": "12 px",
              "zh-TW": "12px"
            }
          },
          {
            "value": "13px",
            "label": {
              "cs": "13 px",
              "da": "13 px",
              "de": "13px",
              "en": "13px",
              "es": "13px",
              "fi": "13 px",
              "fr": "13 px",
              "it": "13 px",
              "ja": "13ピクセル",
              "ko": "13픽셀",
              "nb": "13 piksler",
              "nl": "13px",
              "pl": "13 px",
              "pt-BR": "13px",
              "pt-PT": "13px",
              "sv": "13 px",
              "th": "13px",
              "tr": "13 piksel",
              "vi": "13px",
              "zh-CN": "13 px",
              "zh-TW": "13px"
            }
          },
          {
            "value": "14px",
            "label": {
              "cs": "14 px",
              "da": "14 px",
              "de": "14px",
              "en": "14px",
              "es": "14px",
              "fi": "14 pikseliä",
              "fr": "14 px",
              "it": "14 px",
              "ja": "14ピクセル",
              "ko": "14픽셀",
              "nb": "14px",
              "nl": "14px",
              "pl": "14 px",
              "pt-BR": "14px",
              "pt-PT": "14 px",
              "sv": "14 px",
              "th": "14px",
              "tr": "14 piksel",
              "vi": "14px",
              "zh-CN": "14 px",
              "zh-TW": "14px"
            }
          },
          {
            "value": "15px",
            "label": {
              "cs": "15 px",
              "da": "15 px",
              "de": "15px",
              "en": "15px",
              "es": "15px",
              "fi": "15 pikseliä",
              "fr": "15 px",
              "it": "15 px",
              "ja": "15ピクセル",
              "ko": "15픽셀",
              "nb": "15px",
              "nl": "15px",
              "pl": "15 px",
              "pt-BR": "15px",
              "pt-PT": "15 px",
              "sv": "15 px",
              "th": "15px",
              "tr": "15 piksel",
              "vi": "15px",
              "zh-CN": "15 px",
              "zh-TW": "15px"
            }
          },
          {
            "value": "16px",
            "label": {
              "cs": "16 px",
              "da": "16 px",
              "de": "16px",
              "en": "16px",
              "es": "16px",
              "fi": "16 pikseliä",
              "fr": "16 px",
              "it": "16 px",
              "ja": "16ピクセル",
              "ko": "16픽셀",
              "nb": "16px",
              "nl": "16px",
              "pl": "16 px",
              "pt-BR": "16px",
              "pt-PT": "16 px",
              "sv": "16 px",
              "th": "16px",
              "tr": "16 piksel",
              "vi": "16px",
              "zh-CN": "16 px",
              "zh-TW": "16px"
            }
          }
        ]
      },
      {
        "type": "header",
        "content": {
          "cs": "Styly nadpisů",
          "da": "Overskriftstypografier",
          "de": "Überschriftstile",
          "en": "Heading styles",
          "es": "Estilos de título",
          "fi": "Otsikkotyyli",
          "fr": "Styles de titre",
          "it": "Stile dei titoli",
          "ja": "見出しのスタイル",
          "ko": "머리말 스타일",
          "nb": "Overskriftstiler",
          "nl": "Kopstijlen",
          "pl": "Style nagłówka",
          "pt-BR": "Estilos de cabeçalho",
          "pt-PT": "Estilos de título",
          "sv": "Rubrikformat",
          "th": "สไตล์หัวเรื่อง",
          "tr": "Başlık stilleri",
          "vi": "Kiểu tiêu đề",
          "zh-CN": "标题样式",
          "zh-TW": "標題樣式"
        }
      },
      {
        "type": "font_picker",
        "id": "type_header_font",
        "label": {
          "cs": "Písmo",
          "da": "Skrifttype",
          "de": "Schriftart",
          "en": "Font",
          "es": "Fuente",
          "fi": "Fontti",
          "fr": "Police",
          "it": "Font",
          "ja": "フォント",
          "ko": "글꼴",
          "nb": "Skrifttype",
          "nl": "Lettertype",
          "pl": "Czcionka",
          "pt-BR": "Fonte",
          "pt-PT": "Tipo de letra",
          "sv": "Typsnitt",
          "th": "แบบอักษร",
          "tr": "Yazı tipi",
          "vi": "Phông chữ",
          "zh-CN": "字体",
          "zh-TW": "字型"
        },
        "default": "montserrat_n7"
      },
      {
        "type": "checkbox",
        "id": "type_header_transform",
        "label": {
          "cs": "Nastavit velká písmena u nadpisů",
          "da": "Skriv overskrifter med store bogstaver",
          "de": "Überschriften groß schreiben",
          "en": "Capitalize headings",
          "es": "Poner títulos en mayúsculas",
          "fi": "Kirjoita otsikot isoilla kirjaimilla",
          "fr": "Mettre les titres en majuscules",
          "it": "Titoli maiuscoli",
          "ja": "見出しを大文字にする",
          "ko": "제목 대문자로 하기",
          "nb": "Gjøre overskriftene store",
          "nl": "Koppen kapitaliseren",
          "pl": "Pisz nagłówki wielką literą",
          "pt-BR": "Títulos em maiúsculas",
          "pt-PT": "Colocar títulos em maiúsculas",
          "sv": "Skriv rubriker med stora bokstäver",
          "th": "ทำให้ส่วนหัวเป็นตัวอักษรพิมพ์ใหญ่",
          "tr": "Başlık harflerini büyüt",
          "vi": "Viết hoa tiêu đề",
          "zh-CN": "大写标题",
          "zh-TW": "將標題大寫"
        }
      },
      {
        "type": "header",
        "content": {
          "cs": "Styly navigace a tlačítek",
          "da": "Typografier for navigation og knapper",
          "de": "Navigations- und Schaltflächenstile",
          "en": "Navigation and buttons styles",
          "es": "Estilos de navegación y botones",
          "fi": "Navigointi ja painiketyylit",
          "fr": "Styles de navigation et de boutons",
          "it": "Stili di navigazione e pulsanti",
          "ja": "メニューとボタンのスタイル",
          "ko": "탐색 및 버튼 사이즈",
          "nb": "Navigasjon og knappestiler",
          "nl": "Navigatie- en knoppenstijlen",
          "pl": "Nawigacja i style przycisków",
          "pt-BR": "Estilos de navegação e botões",
          "pt-PT": "Estilos de botões e navegação",
          "sv": "Navigering och knappstorlek",
          "th": "การนำทางและรูปแบบปุ่ม",
          "tr": "Gezinme ve düğme stilleri",
          "vi": "Kiểu menu điều hướng và nút",
          "zh-CN": "网站地图和按钮样式",
          "zh-TW": "導覽與按鈕樣式"
        }
      },
      {
        "type": "font_picker",
        "id": "type_accent_font",
        "label": {
          "cs": "Písmo hlavní nabídky a tlačítek",
          "da": "Skrifttype for hovedmenu og knap",
          "de": "Schriftart Hauptmenü und Schaltflächen",
          "en": "Main menu and button font",
          "es": "Fuente de menú principal y botón",
          "fi": "Päävalikko ja painikkeen fontti",
          "fr": "Police du menu principal et du bouton",
          "it": "Menu principale e font pulsante",
          "ja": "メインメニューとボタンのフォント",
          "ko": "기본 메뉴 및 버튼 폰트",
          "nb": "Skrifttype for hovedmeny og knapp",
          "nl": "Lettertype hoofdmenu en knoppen",
          "pl": "Główne menu i czcionka przycisku",
          "pt-BR": "Fonte do menu principal e botões",
          "pt-PT": "Tipo de letra do botão e menu principal",
          "sv": "Huvudmeny och knapptypsnitt",
          "th": "เมนูหลักและตัวอักษรของปุ่ม",
          "tr": "Ana menü ve düğme yazı tipi",
          "vi": "Phông chữ menu chính và nút",
          "zh-CN": "主菜单和按钮字体",
          "zh-TW": "主選單與按鈕字形"
        },
        "default": "montserrat_n5"
      },
      {
        "type": "select",
        "id": "type_navigation_size",
        "label": {
          "cs": "Velikost písma hlavní nabídky",
          "da": "Skriftstørrelse for hovedmenu",
          "de": "Schriftgröße Hauptmenü",
          "en": "Main menu font size",
          "es": "Tamaño de fuente del menú principal",
          "fi": "Päävalikon fonttikoko",
          "fr": "Taille de la police du menu principal",
          "it": "Dimensione font menu principale",
          "ja": "メインメニューのフォントサイズ",
          "ko": "주요 메뉴 글꼴 사이즈",
          "nb": "Skriftstørrelse i hovedmeny",
          "nl": "Lettergrootte hoofdmenu",
          "pl": "Rozmiar czcionki głównego menu",
          "pt-BR": "Tamanho da fonte do menu principal",
          "pt-PT": "Tamanho do tipo de letra do menu principal",
          "sv": "Huvudmenyns teckenstorlek",
          "th": "ขนาดตัวอักษรของเมนูหลัก",
          "tr": "Ana menü yazı boyutu",
          "vi": "Cỡ phông chữ menu chính",
          "zh-CN": "主菜单字号",
          "zh-TW": "主選單字型大小"
        },
        "options": [
          {
            "value": "14px",
            "label": {
              "cs": "14 px",
              "da": "14 px",
              "de": "14px",
              "en": "14px",
              "es": "14px",
              "fi": "14 pikseliä",
              "fr": "14 px",
              "it": "14 px",
              "ja": "14ピクセル",
              "ko": "14픽셀",
              "nb": "14px",
              "nl": "14px",
              "pl": "14 px",
              "pt-BR": "14px",
              "pt-PT": "14 px",
              "sv": "14 px",
              "th": "14px",
              "tr": "14 piksel",
              "vi": "14px",
              "zh-CN": "14 px",
              "zh-TW": "14px"
            }
          },
          {
            "value": "15px",
            "label": {
              "cs": "15 px",
              "da": "15 px",
              "de": "15px",
              "en": "15px",
              "es": "15px",
              "fi": "15 pikseliä",
              "fr": "15 px",
              "it": "15 px",
              "ja": "15ピクセル",
              "ko": "15픽셀",
              "nb": "15px",
              "nl": "15px",
              "pl": "15 px",
              "pt-BR": "15px",
              "pt-PT": "15 px",
              "sv": "15 px",
              "th": "15px",
              "tr": "15 piksel",
              "vi": "15px",
              "zh-CN": "15 px",
              "zh-TW": "15px"
            }
          },
          {
            "value": "16px",
            "label": {
              "cs": "16 px",
              "da": "16 px",
              "de": "16px",
              "en": "16px",
              "es": "16px",
              "fi": "16 pikseliä",
              "fr": "16 px",
              "it": "16 px",
              "ja": "16ピクセル",
              "ko": "16픽셀",
              "nb": "16px",
              "nl": "16px",
              "pl": "16 px",
              "pt-BR": "16px",
              "pt-PT": "16 px",
              "sv": "16 px",
              "th": "16px",
              "tr": "16 piksel",
              "vi": "16px",
              "zh-CN": "16 px",
              "zh-TW": "16px"
            }
          },
          {
            "value": "17px",
            "label": {
              "cs": "17 px",
              "da": "17 px",
              "de": "17px",
              "en": "17px",
              "es": "17px",
              "fi": "17 pikseliä",
              "fr": "17 px",
              "it": "17 px",
              "ja": "17ピクセル",
              "ko": "17픽셀",
              "nb": "17px",
              "nl": "17px",
              "pl": "17 px",
              "pt-BR": "17px",
              "pt-PT": "17 px",
              "sv": "17 px",
              "th": "17px",
              "tr": "17 piksel",
              "vi": "17px",
              "zh-CN": "17 px",
              "zh-TW": "17px"
            }
          },
          {
            "value": "18px",
            "label": {
              "cs": "18 px",
              "da": "18 px",
              "de": "18px",
              "en": "18px",
              "es": "18px",
              "fi": "18 pikseliä",
              "fr": "18 px",
              "it": "18 px",
              "ja": "18ピクセル",
              "ko": "18픽셀",
              "nb": "18px",
              "nl": "18px",
              "pl": "18 px",
              "pt-BR": "18px",
              "pt-PT": "18 px",
              "sv": "18 px",
              "th": "18px",
              "tr": "18 piksel",
              "vi": "18px",
              "zh-CN": "18 px",
              "zh-TW": "18px"
            }
          },
          {
            "value": "19px",
            "label": {
              "cs": "19 px",
              "da": "19 px",
              "de": "19px",
              "en": "19px",
              "es": "19px",
              "fi": "19 pikseliä",
              "fr": "19 px",
              "it": "19 px",
              "ja": "19ピクセル",
              "ko": "19픽셀",
              "nb": "19px",
              "nl": "19px",
              "pl": "19 px",
              "pt-BR": "19px",
              "pt-PT": "19 px",
              "sv": "19 px",
              "th": "19px",
              "tr": "19 piksel",
              "vi": "19px",
              "zh-CN": "19 px",
              "zh-TW": "19px"
            }
          }
        ]
      },
      {
        "type": "checkbox",
        "id": "type_navigation_transform",
        "label": {
          "cs": "Nastavit velká písmena u položek hlavní nabídky",
          "da": "Skriv hovedmenuens punkter med store bogstaver",
          "de": "Hauptmenüpunkte groß schreiben",
          "en": "Capitalize main menu items",
          "es": "Poner en mayúsculas las opciones del menú principal",
          "fi": "Kirjoita päävalikon valinnat isoilla kirjaimilla",
          "fr": "Mettre en majuscules les éléments du menu principal",
          "it": "Voci del menu principale maiuscole",
          "ja": "メインメニューの項目を大文字にする",
          "ko": "주요 메뉴 항목 대문자로 하기",
          "nb": "Skrive elementer i hovedmenyen med store bokstaver",
          "nl": "Artikelen hoofdmenu kapitaliseren",
          "pl": "Pisz opcje głównego menu wielką literą",
          "pt-BR": "Itens do menu principal em maiúsculas",
          "pt-PT": "Itens do menu principal em maiúsculas",
          "sv": "Skriv huvudmenyobjekt med stora bokstäver",
          "th": "ทำให้รายการเมนูหลักเป็นตัวอักษรพิมพ์ใหญ่",
          "tr": "Ana menü öğelerinin hafiflerini büyüt",
          "vi": "Viết hoa mục menu chính",
          "zh-CN": "大写主菜单项",
          "zh-TW": "將主選單項目文字大寫"
        }
      },
      {
        "type": "select",
        "id": "type_button_size",
        "label": {
          "cs": "Velikost písma tlačítek",
          "da": "Skriftstørrelse for knap",
          "de": "Schriftgröße Schaltflächen",
          "en": "Button font size",
          "es": "Tamaño de fuente del botón",
          "fi": "Painikkeen fonttikoko",
          "fr": "Taille de la police du bouton",
          "it": "Dimensione font pulsante",
          "ja": "ボタンのフォントサイズ",
          "ko": "버튼 폰트 사이즈",
          "nb": "Skriftstørrelse for knapp",
          "nl": "Lettertype knop",
          "pl": "Rozmiar czcionki przycisku",
          "pt-BR": "Tamanho da fonte do botão",
          "pt-PT": "Tamanho do tipo de letra do botão",
          "sv": "Knappens teckenstorlek",
          "th": "ขนาดตัวอักษรของปุ่ม",
          "tr": "Düğme yazı boyutu",
          "vi": "Cỡ phông chữ nút",
          "zh-CN": "按钮字号",
          "zh-TW": "按鈕字形大小"
        },
        "options": [
          {
            "value": "14px",
            "label": {
              "cs": "14 px",
              "da": "14 px",
              "de": "14px",
              "en": "14px",
              "es": "14px",
              "fi": "14 pikseliä",
              "fr": "14 px",
              "it": "14 px",
              "ja": "14ピクセル",
              "ko": "14픽셀",
              "nb": "14px",
              "nl": "14px",
              "pl": "14 px",
              "pt-BR": "14px",
              "pt-PT": "14 px",
              "sv": "14 px",
              "th": "14px",
              "tr": "14 piksel",
              "vi": "14px",
              "zh-CN": "14 px",
              "zh-TW": "14px"
            }
          },
          {
            "value": "15px",
            "label": {
              "cs": "15 px",
              "da": "15 px",
              "de": "15px",
              "en": "15px",
              "es": "15px",
              "fi": "15 pikseliä",
              "fr": "15 px",
              "it": "15 px",
              "ja": "15ピクセル",
              "ko": "15픽셀",
              "nb": "15px",
              "nl": "15px",
              "pl": "15 px",
              "pt-BR": "15px",
              "pt-PT": "15 px",
              "sv": "15 px",
              "th": "15px",
              "tr": "15 piksel",
              "vi": "15px",
              "zh-CN": "15 px",
              "zh-TW": "15px"
            }
          },
          {
            "value": "16px",
            "label": {
              "cs": "16 px",
              "da": "16 px",
              "de": "16px",
              "en": "16px",
              "es": "16px",
              "fi": "16 pikseliä",
              "fr": "16 px",
              "it": "16 px",
              "ja": "16ピクセル",
              "ko": "16픽셀",
              "nb": "16px",
              "nl": "16px",
              "pl": "16 px",
              "pt-BR": "16px",
              "pt-PT": "16 px",
              "sv": "16 px",
              "th": "16px",
              "tr": "16 piksel",
              "vi": "16px",
              "zh-CN": "16 px",
              "zh-TW": "16px"
            }
          },
          {
            "value": "17px",
            "label": {
              "cs": "17 px",
              "da": "17 px",
              "de": "17px",
              "en": "17px",
              "es": "17px",
              "fi": "17 pikseliä",
              "fr": "17 px",
              "it": "17 px",
              "ja": "17ピクセル",
              "ko": "17픽셀",
              "nb": "17px",
              "nl": "17px",
              "pl": "17 px",
              "pt-BR": "17px",
              "pt-PT": "17 px",
              "sv": "17 px",
              "th": "17px",
              "tr": "17 piksel",
              "vi": "17px",
              "zh-CN": "17 px",
              "zh-TW": "17px"
            }
          },
          {
            "value": "18px",
            "label": {
              "cs": "18 px",
              "da": "18 px",
              "de": "18px",
              "en": "18px",
              "es": "18px",
              "fi": "18 pikseliä",
              "fr": "18 px",
              "it": "18 px",
              "ja": "18ピクセル",
              "ko": "18픽셀",
              "nb": "18px",
              "nl": "18px",
              "pl": "18 px",
              "pt-BR": "18px",
              "pt-PT": "18 px",
              "sv": "18 px",
              "th": "18px",
              "tr": "18 piksel",
              "vi": "18px",
              "zh-CN": "18 px",
              "zh-TW": "18px"
            }
          }
        ]
      },
      {
        "type": "checkbox",
        "id": "type_button_transform",
        "label": {
          "cs": "Nastavit velká písmena u tlačítek",
          "da": "Skriv teksten på knapper med store bogstaver",
          "de": "Großschreibung für Schaltflächen",
          "en": "Capitalize buttons",
          "es": "Poner botones en mayúsculas",
          "fi": "Kirjoita painikkeet isoilla kirjaimilla",
          "fr": "Mettre les boutons en majuscules",
          "it": "Pulsanti maiuscoli",
          "ja": "ボタンを大文字にする",
          "ko": "버튼 대문자로 하기",
          "nb": "Skrive knappene med store bokstaver",
          "nl": "Knoppen kapitaliseren",
          "pl": "Użyj wielkich liter dla przycisków",
          "pt-BR": "Botões em maiúsculas",
          "pt-PT": "Botões em maiúsculas",
          "sv": "Skriv knapptext med stora bokstäver",
          "th": "ทำให้ปุ่มเป็นตัวอักษรพิมพ์ใหญ่",
          "tr": "Düğme harflerini büyüt",
          "vi": "Viết hoa nút",
          "zh-CN": "大写按钮",
          "zh-TW": "將按鈕文字大寫"
        }
      }
    ]
  },
  {
    "name": {
      "cs": "Favikona",
      "da": "Favoritikon",
      "de": "Favicon",
      "en": "Favicon",
      "es": "Favicon",
      "fi": "Favicon",
      "fr": "Favicon",
      "it": "Favicon",
      "ja": "ファビコン",
      "ko": "Favicon",
      "nb": "Favicon",
      "nl": "Favicon",
      "pl": "Ikona Favicon",
      "pt-BR": "Favicon",
      "pt-PT": "Favicon",
      "sv": "Favicon",
      "th": "Favicon",
      "tr": "Favicon",
      "vi": "Biểu tượng trang web",
      "zh-CN": "网站图标",
      "zh-TW": "Favicon"
    },
    "settings": [
      {
        "type": "image_picker",
        "id": "favicon",
        "label": {
          "cs": "Obrázek favikony",
          "da": "Billede for favoritikon",
          "de": "Favicon-Bild",
          "en": "Favicon image",
          "es": "Imagen de favicon",
          "fi": "Favicon-kuva",
          "fr": "Image favicon",
          "it": "Immagine favicon",
          "ja": "ファビコン画像",
          "ko": "파비콘 이미지",
          "nb": "Favicon-bilde",
          "nl": "Favicon-afbeelding",
          "pl": "Obraz ikony Favicon",
          "pt-BR": "Imagem favicon",
          "pt-PT": "Imagem Favicon",
          "sv": "Favicon-bild",
          "th": "รูปภาพ Favicon",
          "tr": "Favicon görseli",
          "vi": "Hình ảnh biểu tượng trang web",
          "zh-CN": "网站图标图片",
          "zh-TW": "Favicon 圖片"
        },
        "info": {
          "cs": "Dojde ke zmenšení na 32 × 32 px",
          "da": "Skaleres ned til 32 x 32 px",
          "de": "Wird auf 32 x 32 Pixel verkleinert",
          "en": "Will be scaled down to 32 x 32px",
          "es": "Se reducirá a 32 x 32px",
          "fi": "Skaalataan 32 x 32 pikseliin",
          "fr": "Sera réduite à 32 x 32 px",
          "it": "Verrà ridimensionata a 32 x 32 pixel.",
          "ja": "32×32ピクセルに縮小されます。",
          "ko": "32x32 픽셀로 축소됩니다.",
          "nb": "Vil skaleres ned til 32 x 32 px",
          "nl": "Wordt verkleind tot 32x32 pixels",
          "pl": "Zostanie zmniejszony do rozmiaru 32 x 32 px",
          "pt-BR": "será reduzida para 32 x 32 pixels",
          "pt-PT": "Será reduzida para 32 x 32 px",
          "sv": "Kommer skalas ned till 32 x 32 px",
          "th": "จะถูกลดขนาดลงเป็น 32 x 32 พิกเซล",
          "tr": "Ölçeği 32 x 32 piksele düşürülür",
          "vi": "Sẽ được thu nhỏ xuống 32 x 32px",
          "zh-CN": "将缩小到 32 x 32px",
          "zh-TW": "將會縮小為 32 x 32 像素"
        }
      }
    ]
  },
  {
    "name": {
      "cs": "Košík",
      "da": "Indkøbskurv",
      "de": "Warenkorb",
      "en": "Cart",
      "es": "Carrito",
      "fi": "Ostoskori",
      "fr": "Panier",
      "it": "Carrello",
      "ja": "カート",
      "ko": "카트",
      "nb": "Handlekurv",
      "nl": "Winkelwagen",
      "pl": "Koszyk",
      "pt-BR": "Carrinho",
      "pt-PT": "Carrinho",
      "sv": "Kundvagn",
      "th": "ตะกร้าสินค้า",
      "tr": "Sepet",
      "vi": "Giỏ hàng",
      "zh-CN": "购物车",
      "zh-TW": "購物車"
    },
    "settings": [
      {
        "type": "checkbox",
        "id": "cart_notes_enable",
        "label": {
          "cs": "Povolit poznámky k objednávce",
          "da": "Aktivér ordrebemærkninger",
          "de": "Bestellhinweis aktivieren",
          "en": "Enable order notes",
          "es": "Habilitar notas de pedido",
          "fi": "Ota tilauksen kommentit käyttöön",
          "fr": "Activer les notes de commande",
          "it": "Abilita le note sugli ordini",
          "ja": "注文メモを有効にする",
          "ko": "주문 참고 사항 사용",
          "nb": "Aktiver bestillingsmerknader",
          "nl": "Opmerkingen bij bestellingen inschakelen",
          "pl": "Włącz uwagi dotyczące zamówienia",
          "pt-BR": "Habilitar observações de pedido",
          "pt-PT": "Ativar as notas de encomendas",
          "sv": "Aktivera orderanteckningar",
          "th": "เปิดใช้หมายเหตุของคำสั่งซื้อ",
          "tr": "Sipariş notlarını etkinleştir",
          "vi": "Bật ghi chú đơn hàng",
          "zh-CN": "启用订单备注",
          "zh-TW": "啟用訂單備註"
        }
      },
      {
        "type": "select",
        "id": "ajax_cart_method",
        "label": {
          "cs": "Typ košíku",
          "da": "Indkøbskurvtype",
          "de": "Warenkorbstil",
          "en": "Cart type",
          "es": "Tipo de carrito",
          "fi": "Ostoskorin tyyppi",
          "fr": "Type de panier",
          "it": "Tipi di carrello",
          "ja": "カートタイプ",
          "ko": "카트 유형",
          "nb": "Handlekurvtype",
          "nl": "Winkelwagentype",
          "pl": "Typ koszyka",
          "pt-BR": "Tipo de carrinho",
          "pt-PT": "Tipo de carrinho",
          "sv": "Varukorgstyp",
          "th": "ประเภทตะกร้าสินค้า",
          "tr": "Sepet türü",
          "vi": "Loại giỏ hàng",
          "zh-CN": "购物车类型",
          "zh-TW": "購物車類型"
        },
        "options": [
          {
            "value": "drawer",
            "label": {
              "cs": "Zásuvka",
              "da": "Skuffe",
              "de": "Einschub",
              "en": "Drawer",
              "es": "Carrito lateral",
              "fi": "Laatikko",
              "fr": "Tiroir",
              "it": "Finestra",
              "ja": "ドロワー",
              "ko": "등록기",
              "nb": "Skuff",
              "nl": "Lade",
              "pl": "Szuflada",
              "pt-BR": "Caixa registradora",
              "pt-PT": "Gaveta",
              "sv": "Låda",
              "th": "ลิ้นชัก",
              "tr": "Çekmece",
              "vi": "Ngăn",
              "zh-CN": "抽屉",
              "zh-TW": "收銀機"
            }
          },
          {
            "value": "page",
            "label": {
              "cs": "Stránka",
              "da": "Side",
              "de": "Seite",
              "en": "Page",
              "es": "Página",
              "fi": "Sivu",
              "fr": "Page",
              "it": "Pagina",
              "ja": "ページ",
              "ko": "페이지",
              "nb": "Side",
              "nl": "Pagina",
              "pl": "Strona",
              "pt-BR": "Página",
              "pt-PT": "Página",
              "sv": "Sida",
              "th": "หน้า",
              "tr": "Sayfa",
              "vi": "Trang",
              "zh-CN": "页面",
              "zh-TW": "頁面"
            }
          },
          {
            "value": "modal",
            "label": {
              "cs": "Modální okno",
              "da": "Modus",
              "de": "Modal",
              "en": "Modal",
              "es": "Modal",
              "fi": "Modaalinen",
              "fr": "Fenêtre modale",
              "it": "Modal",
              "ja": "モーダル",
              "ko": "모달",
              "nb": "Panel",
              "nl": "Modaal venster",
              "pl": "Okno modalne",
              "pt-BR": "Modal",
              "pt-PT": "Modal",
              "sv": "Modal",
              "th": "โมดอล",
              "tr": "Mod",
              "vi": "Hộp tương tác",
              "zh-CN": "模式",
              "zh-TW": "互動視窗"
            }
          }
        ]
      }
    ]
  },
  {
    "name": {
      "cs": "Sociální sítě",
      "da": "Sociale medier",
      "de": "Social Media",
      "en": "Social media",
      "es": "Redes sociales",
      "fi": "Some",
      "fr": "Médias sociaux",
      "it": "Social media",
      "ja": "SNS",
      "ko": "소셜 미디어",
      "nb": "Sosiale medier",
      "nl": "Social media",
      "pl": "Media społecznościowe",
      "pt-BR": "Redes sociais",
      "pt-PT": "Redes sociais",
      "sv": "Sociala medier",
      "th": "โซเชียลมีเดีย",
      "tr": "Sosyal medya",
      "vi": "Truyền thông xã hội",
      "zh-CN": "社交媒体",
      "zh-TW": "社交媒體"
    },
    "settings": [
      {
        "type": "header",
        "content": {
          "cs": "Účty",
          "da": "Konti",
          "de": "Konten",
          "en": "Accounts",
          "es": "Cuentas",
          "fi": "Tilit",
          "fr": "Comptes",
          "it": "Account",
          "ja": "アカウント",
          "ko": "계정",
          "nb": "Kontoer",
          "nl": "Accounts",
          "pl": "Konta",
          "pt-BR": "Contas",
          "pt-PT": "Contas",
          "sv": "Konton",
          "th": "บัญชี",
          "tr": "Hesaplar",
          "vi": "Tài khoản",
          "zh-CN": "账户",
          "zh-TW": "帳戶"
        }
      },
      {
        "type": "text",
        "id": "social_twitter_link",
        "label": {
          "cs": "Twitter",
          "da": "Twitter",
          "de": "Twitter",
          "en": "Twitter",
          "es": "Twitter",
          "fi": "Twitter",
          "fr": "Twitter",
          "it": "Twitter",
          "ja": "Twitter",
          "ko": "트위터",
          "nb": "Twitter",
          "nl": "Twitter",
          "pl": "Twitter",
          "pt-BR": "Twitter",
          "pt-PT": "Twitter",
          "sv": "Twitter",
          "th": "Twitter",
          "tr": "Twitter",
          "vi": "Twitter",
          "zh-CN": "Twitter",
          "zh-TW": "Twitter"
        },
        "info": {
          "cs": "https:\/\/twitter.com\/shopify",
          "da": "https:\/\/twitter.com\/shopify",
          "de": "https:\/\/twitter.com\/shopify",
          "en": "https:\/\/twitter.com\/shopify",
          "es": "https:\/\/twitter.com\/shopify",
          "fi": "https:\/\/twitter.com\/shopify",
          "fr": "https:\/\/twitter.com\/shopify",
          "it": "https:\/\/twitter.com\/shopify",
          "ja": "https:\/\/twitter.com\/shopify",
          "ko": "https:\/\/twitter.com\/shopify",
          "nb": "https:\/\/twitter.com\/shopify",
          "nl": "https:\/\/twitter.com\/shopify",
          "pl": "https:\/\/twitter.com\/shopify",
          "pt-BR": "https:\/\/twitter.com\/shopify",
          "pt-PT": "https:\/\/twitter.com\/shopify",
          "sv": "https:\/\/twitter.com\/shopify",
          "th": "https:\/\/twitter.com\/shopify",
          "tr": "https:\/\/twitter.com\/shopify",
          "vi": "https:\/\/twitter.com\/shopify",
          "zh-CN": "https:\/\/twitter.com\/shopify",
          "zh-TW": "https:\/\/twitter.com\/shopify"
        }
      },
      {
        "type": "text",
        "id": "social_facebook_link",
        "label": {
          "cs": "Facebook",
          "da": "Facebook",
          "de": "Facebook",
          "en": "Facebook",
          "es": "Facebook",
          "fi": "Facebook",
          "fr": "Facebook",
          "it": "Facebook",
          "ja": "Facebook",
          "ko": "페이스북",
          "nb": "Facebook",
          "nl": "Facebook",
          "pl": "Facebook",
          "pt-BR": "Facebook",
          "pt-PT": "Facebook",
          "sv": "Facebook",
          "th": "Facebook",
          "tr": "Facebook",
          "vi": "Facebook",
          "zh-CN": "Facebook",
          "zh-TW": "Facebook"
        },
        "info": {
          "cs": "https:\/\/facebook.com\/shopify",
          "da": "https:\/\/facebook.com\/shopify",
          "de": "https:\/\/facebook.com\/shopify",
          "en": "https:\/\/facebook.com\/shopify",
          "es": "https:\/\/www.facebook.com\/ShopifyES\/",
          "fi": "https:\/\/facebook.com\/shopify",
          "fr": "https:\/\/facebook.com\/shopify",
          "it": "https:\/\/facebook.com\/shopify",
          "ja": "https:\/\/facebook.com\/shopify",
          "ko": "https:\/\/facebook.com\/shopify",
          "nb": "https:\/\/facebook.com\/shopify",
          "nl": "https:\/\/facebook.com\/shopify",
          "pl": "https:\/\/facebook.com\/shopify",
          "pt-BR": "https:\/\/facebook.com\/shopify",
          "pt-PT": "https:\/\/facebook.com\/shopify",
          "sv": "https:\/\/www.facebook.com\/shopify",
          "th": "https:\/\/facebook.com\/shopify",
          "tr": "https:\/\/facebook.com\/shopify",
          "vi": "https:\/\/facebook.com\/shopify",
          "zh-CN": "https:\/\/facebook.com\/shopify",
          "zh-TW": "https:\/\/facebook.com\/shopify"
        }
      },
      {
        "type": "text",
        "id": "social_pinterest_link",
        "label": {
          "cs": "Pinterest",
          "da": "Pinterest",
          "de": "Pinterest",
          "en": "Pinterest",
          "es": "Pinterest",
          "fi": "Pinterest",
          "fr": "Pinterest",
          "it": "Pinterest",
          "ja": "Pinterest",
          "ko": "핀터레스트",
          "nb": "Pinterest",
          "nl": "Pinterest",
          "pl": "Pinterest",
          "pt-BR": "Pinterest",
          "pt-PT": "Pinterest",
          "sv": "Pinterest",
          "th": "Pinterest",
          "tr": "Pinterest",
          "vi": "Pinterest",
          "zh-CN": "Pinterest",
          "zh-TW": "Pinterest"
        },
        "info": {
          "cs": "https:\/\/pinterest.com\/shopify",
          "da": "https:\/\/pinterest.com\/shopify",
          "de": "https:\/\/pinterest.com\/shopify",
          "en": "https:\/\/pinterest.com\/shopify",
          "es": "https:\/\/pinterest.com\/shopify",
          "fi": "https:\/\/facebook.com\/shopify",
          "fr": "https:\/\/pinterest.com\/shopify",
          "it": "https:\/\/pinterest.com\/shopify",
          "ja": "https:\/\/pinterest.com\/shopify",
          "ko": "https:\/\/pinterest.com\/shopify",
          "nb": "https:\/\/pinterest.com\/shopify",
          "nl": "https:\/\/pinterest.com\/shopify",
          "pl": "https:\/\/pinterest.com\/shopify",
          "pt-BR": "https:\/\/pinterest.com\/shopify",
          "pt-PT": "https:\/\/pinterest.com\/shopify",
          "sv": "https:\/\/www.pinterest.com\/shopify",
          "th": "https:\/\/pinterest.com\/shopify",
          "tr": "https:\/\/pinterest.com\/shopify",
          "vi": "https:\/\/pinterest.com\/shopify",
          "zh-CN": "https:\/\/pinterest.com\/shopify",
          "zh-TW": "https:\/\/pinterest.com\/shopify"
        }
      },
      {
        "type": "text",
        "id": "social_google_plus_link",
        "label": {
          "cs": "Google+",
          "da": "Google+",
          "de": "Google+",
          "en": "Google+",
          "es": "Google+",
          "fi": "Google+",
          "fr": "Google+",
          "it": "Google+",
          "ja": "Google+",
          "ko": "Google+",
          "nb": "Google+",
          "nl": "Google+",
          "pl": "Google+",
          "pt-BR": "Google+",
          "pt-PT": "Google+",
          "sv": "Google+",
          "th": "Google+",
          "tr": "Google+",
          "vi": "Google+",
          "zh-CN": "Google+",
          "zh-TW": "Google+"
        },
        "info": {
          "cs": "https:\/\/plus.google.com\/+shopify",
          "da": "https:\/\/plus.google.com\/+shopify",
          "de": "https:\/\/plus.google.com\/+shopify",
          "en": "https:\/\/plus.google.com\/+shopify",
          "es": "https:\/\/plus.google.com\/+shopify",
          "fi": "https:\/\/plus.google.com\/+shopify",
          "fr": "https:\/\/plus.google.com\/+shopify",
          "it": "https:\/\/plus.google.com\/+shopify",
          "ja": "https:\/\/plus.google.com\/+shopify",
          "ko": "https:\/\/plus.google.com\/+shopify",
          "nb": "https:\/\/plus.google.com\/+shopify",
          "nl": "https:\/\/plus.google.com\/+shopify",
          "pl": "https:\/\/plus.google.com\/+shopify",
          "pt-BR": "https:\/\/plus.google.com\/+shopify",
          "pt-PT": "https:\/\/plus.google.com\/+shopify",
          "sv": "https:\/\/plus.google.com\/+shopify",
          "th": "https:\/\/plus.google.com\/+shopify",
          "tr": "https:\/\/plus.google.com\/+shopify",
          "vi": "https:\/\/plus.google.com\/+shopify",
          "zh-CN": "https:\/\/plus.google.com\/+shopify",
          "zh-TW": "https:\/\/plus.google.com\/+shopify"
        }
      },
      {
        "type": "text",
        "id": "social_instagram_link",
        "label": {
          "cs": "Instagram",
          "da": "Instagram",
          "de": "Instagram",
          "en": "Instagram",
          "es": "Instagram",
          "fi": "Instagram",
          "fr": "Instagram",
          "it": "Instagram",
          "ja": "Instagram",
          "ko": "Instagram",
          "nb": "Instagram",
          "nl": "Instagram",
          "pl": "Instagram",
          "pt-BR": "Instagram",
          "pt-PT": "Instagram",
          "sv": "Instagram",
          "th": "Instagram",
          "tr": "Instagram",
          "vi": "Instagram",
          "zh-CN": "Instagram",
          "zh-TW": "Instagram"
        },
        "info": {
          "cs": "https:\/\/instagram.com\/shopify",
          "da": "https:\/\/instagram.com\/shopify",
          "de": "https:\/\/instagram.com\/shopify",
          "en": "https:\/\/instagram.com\/shopify",
          "es": "https:\/\/instagram.com\/shopify",
          "fi": "https:\/\/instagram.com\/shopify",
          "fr": "https:\/\/instagram.com\/shopify",
          "it": "https:\/\/instagram.com\/shopify",
          "ja": "https:\/\/instagram.com\/shopify",
          "ko": "https:\/\/instagram.com\/shopify",
          "nb": "https:\/\/instagram.com\/shopify",
          "nl": "https:\/\/instagram.com\/shopify",
          "pl": "https:\/\/instagram.com\/shopify",
          "pt-BR": "https:\/\/instagram.com\/shopify",
          "pt-PT": "https:\/\/instagram.com\/shopify",
          "sv": "https:\/\/instagram.com\/shopify",
          "th": "https:\/\/instagram.com\/shopify",
          "tr": "https:\/\/instagram.com\/shopify",
          "vi": "https:\/\/instagram.com\/shopify",
          "zh-CN": "https:\/\/instagram.com\/shopify",
          "zh-TW": "https:\/\/instagram.com\/shopify"
        }
      },
      {
        "type": "text",
        "id": "social_snapchat_link",
        "label": {
          "cs": "Snapchat",
          "da": "Snapchat",
          "de": "Snapchat",
          "en": "Snapchat",
          "es": "Snapchat",
          "fi": "Snapchat",
          "fr": "Snapchat",
          "it": "Snapchat",
          "ja": "Snapchat",
          "ko": "스냅챗",
          "nb": "Snapchat",
          "nl": "Snapchat",
          "pl": "Snapchat",
          "pt-BR": "Snapchat",
          "pt-PT": "Snapchat",
          "sv": "Snapchat",
          "th": "Snapchat",
          "tr": "Snapchat",
          "vi": "Snapchat",
          "zh-CN": "Snapchat",
          "zh-TW": "Snapchat"
        },
        "info": {
          "cs": "https:\/\/snapchat.com\/add\/shopify",
          "da": "https:\/\/snapchat.com\/add\/shopify",
          "de": "https:\/\/snapchat.com\/add\/shopify",
          "en": "https:\/\/snapchat.com\/add\/shopify",
          "es": "https:\/\/snapchat.com\/add\/shopify",
          "fi": "https:\/\/snapchat.com\/add\/shopify",
          "fr": "https:\/\/snapchat.com\/add\/shopify",
          "it": "https:\/\/snapchat.com\/add\/shopify",
          "ja": "https:\/\/snapchat.com\/add\/shopify",
          "ko": "https:\/\/snapchat.com\/add\/shopify",
          "nb": "https:\/\/snapchat.com\/add\/shopify",
          "nl": "https:\/\/snapchat.com\/add\/shopify",
          "pl": "https:\/\/snapchat.com\/add\/shopify",
          "pt-BR": "https:\/\/www.snapchat.com\/add\/shopify",
          "pt-PT": "https:\/\/snapchat.com\/add\/shopify",
          "sv": "https:\/\/snapchat.com\/add\/shopify",
          "th": "https:\/\/snapchat.com\/add\/shopify",
          "tr": "https:\/\/snapchat.com\/add\/shopify",
          "vi": "https:\/\/snapchat.com\/add\/shopify",
          "zh-CN": "https:\/\/snapchat.com\/add\/shopify",
          "zh-TW": "https:\/\/snapchat.com\/add\/shopify"
        }
      },
      {
        "type": "text",
        "id": "social_tumblr_link",
        "label": {
          "cs": "Tumblr",
          "da": "Tumblr",
          "de": "Tumblr",
          "en": "Tumblr",
          "es": "Tumblr",
          "fi": "Tumblr",
          "fr": "Tumblr",
          "it": "Tumblr",
          "ja": "Tumblr",
          "ko": "텀블러",
          "nb": "Tumblr",
          "nl": "Tumblr",
          "pl": "Tumblr",
          "pt-BR": "Tumblr",
          "pt-PT": "Tumblr",
          "sv": "Tumblr",
          "th": "Tumblr",
          "tr": "Tumblr",
          "vi": "Tumblr",
          "zh-CN": "Tumblr",
          "zh-TW": "Tumblr"
        },
        "info": {
          "cs": "https:\/\/www.tumblr.com",
          "da": "https:\/\/www.tumblr.com",
          "de": "https:\/\/www.tumblr.com",
          "en": "https:\/\/www.tumblr.com",
          "es": "https:\/\/www.tumblr.com",
          "fi": "https:\/\/www.tumblr.com",
          "fr": "https:\/\/www.tumblr.com",
          "it": "https:\/\/www.tumblr.com",
          "ja": "https:\/\/www.tumblr.com",
          "ko": "https:\/\/www.tumblr.com",
          "nb": "https:\/\/www.tumblr.com",
          "nl": "https:\/\/www.tumblr.com",
          "pl": "https:\/\/www.tumblr.com",
          "pt-BR": "https:\/\/www.tumblr.com",
          "pt-PT": "https:\/\/www.tumblr.com",
          "sv": "https:\/\/www.tumblr.com",
          "th": "https:\/\/www.tumblr.com",
          "tr": "https:\/\/www.tumblr.com",
          "vi": "https:\/\/www.tumblr.com",
          "zh-CN": "https:\/\/www.tumblr.com",
          "zh-TW": "https:\/\/www.tumblr.com"
        }
      },
      {
        "type": "text",
        "id": "social_youtube_link",
        "label": {
          "cs": "YouTube",
          "da": "YouTube",
          "de": "Youtube",
          "en": "YouTube",
          "es": "Youtube",
          "fi": "YouTube",
          "fr": "YouTube",
          "it": "YouTube",
          "ja": "YouTube",
          "ko": "유투브",
          "nb": "YouTube",
          "nl": "YouTube",
          "pl": "Youtube",
          "pt-BR": "YouTube",
          "pt-PT": "YouTube",
          "sv": "YouTube",
          "th": "YouTube",
          "tr": "YouTube",
          "vi": "YouTube",
          "zh-CN": "YouTube",
          "zh-TW": "YouTube"
        },
        "info": {
          "cs": "https:\/\/www.youtube.com\/shopify",
          "da": "https:\/\/www.youtube.com\/shopify",
          "de": "https:\/\/www.youtube.com\/shopify",
          "en": "https:\/\/www.youtube.com\/shopify",
          "es": "https:\/\/www.youtube.com\/shopify",
          "fi": "https:\/\/facebook.com\/shopify",
          "fr": "https:\/\/www.youtube.com\/shopify",
          "it": "https:\/\/www.youtube.com\/shopify",
          "ja": "https:\/\/www.youtube.com\/shopify",
          "ko": "https:\/\/www.youtube.com\/shopify",
          "nb": "https:\/\/www.youtube.com\/shopify",
          "nl": "https:\/\/www.youtube.com\/shopify",
          "pl": "https:\/\/www.youtube.com\/shopify",
          "pt-BR": "https:\/\/www.youtube.com\/shopify",
          "pt-PT": "https:\/\/www.youtube.com\/shopify",
          "sv": "https:\/\/www.youtube.com\/user\/shopify",
          "th": "https:\/\/www.youtube.com\/shopify",
          "tr": "https:\/\/www.youtube.com\/shopify",
          "vi": "https:\/\/www.youtube.com\/shopify",
          "zh-CN": "https:\/\/www.youtube.com\/shopify",
          "zh-TW": "https:\/\/www.youtube.com\/shopify"
        }
      },
      {
        "type": "text",
        "id": "social_vimeo_link",
        "label": {
          "cs": "Vimeo",
          "da": "Vimeo",
          "de": "Vimeo",
          "en": "Vimeo",
          "es": "Vimeo",
          "fi": "Vimeo",
          "fr": "Vimeo",
          "it": "Vimeo",
          "ja": "Vimeo",
          "ko": "비메오",
          "nb": "Vimeo",
          "nl": "Vimeo",
          "pl": "Vimeo",
          "pt-BR": "Vimeo",
          "pt-PT": "Vimeo",
          "sv": "Vimeo",
          "th": "Vimeo",
          "tr": "Vimeo",
          "vi": "Vimeo",
          "zh-CN": "Vimeo",
          "zh-TW": "Vimeo"
        },
        "info": {
          "cs": "https:\/\/vimeo.com\/shopify",
          "da": "https:\/\/vimeo.com\/shopify",
          "de": "https:\/\/vimeo.com\/shopify",
          "en": "https:\/\/vimeo.com\/shopify",
          "es": "https:\/\/vimeo.com\/shopify",
          "fi": "https:\/\/vimeo.com\/shopify",
          "fr": "https:\/\/vimeo.com\/shopify",
          "it": "https:\/\/vimeo.com\/shopify",
          "ja": "https:\/\/vimeo.com\/shopify",
          "ko": "https:\/\/vimeo.com\/shopify",
          "nb": "https:\/\/vimeo.com\/shopify",
          "nl": "https:\/\/vimeo.com\/shopify",
          "pl": "https:\/\/vimeo.com\/shopify",
          "pt-BR": "https:\/\/vimeo.com\/shopify",
          "pt-PT": "https:\/\/vimeo.com\/shopify",
          "sv": "https:\/\/vimeo.com\/shopify",
          "th": "https:\/\/vimeo.com\/shopify",
          "tr": "https:\/\/vimeo.com\/shopify",
          "vi": "https:\/\/vimeo.com\/shopify",
          "zh-CN": "https:\/\/vimeo.com\/shopify",
          "zh-TW": "https:\/\/vimeo.com\/shopify"
        }
      },
      {
        "type": "text",
        "id": "social_fancy_link",
        "label": {
          "cs": "Fancy",
          "da": "Fancy",
          "de": "Fancy",
          "en": "Fancy",
          "es": "Fancy",
          "fi": "Fancy",
          "fr": "Fancy",
          "it": "Fancy",
          "ja": "Fancy",
          "ko": "팬시",
          "nb": "Fancy",
          "nl": "Chique",
          "pl": "Fancy",
          "pt-BR": "Fancy",
          "pt-PT": "Fancy",
          "sv": "Fancy",
          "th": "Fancy",
          "tr": "Fancy",
          "vi": "Fancy",
          "zh-CN": "Fancy",
          "zh-TW": "Fancy"
        },
        "info": {
          "cs": "http:\/\/fancy.com\/Shopify",
          "da": "http:\/\/fancy.com\/shopify",
          "de": "http:\/\/fancy.com\/shopify",
          "en": "http:\/\/fancy.com\/shopify",
          "es": "http:\/\/fancy.com\/shopify",
          "fi": "http:\/\/fancy.com\/Shopify",
          "fr": "http:\/\/fancy.com\/shopify",
          "it": "http:\/\/fancy.com\/shopify",
          "ja": "http:\/\/fancy.com\/shopify",
          "ko": "http:\/\/fancy.com\/shopify",
          "nb": "http:\/\/fancy.com\/shopify",
          "nl": "http:\/\/fancy.com\/shopify",
          "pl": "http:\/\/fancy.com\/shopify",
          "pt-BR": "http:\/\/fancy.com\/shopify",
          "pt-PT": "http:\/\/fancy.com\/shopify",
          "sv": "http:\/\/fancy.com\/Shopify",
          "th": "http:\/\/fancy.com\/shopify",
          "tr": "http:\/\/fancy.com\/shopify",
          "vi": "http:\/\/fancy.com\/shopify",
          "zh-CN": "http:\/\/fancy.com\/shopify",
          "zh-TW": "http:\/\/fancy.com\/shopify"
        }
      },
      {
        "type": "header",
        "content": {
          "cs": "Sdílení",
          "da": "Deling",
          "de": "Teilen",
          "en": "Sharing",
          "es": "Compartir",
          "fi": "Jakaminen",
          "fr": "Partage",
          "it": "Condivisione",
          "ja": "シェアする",
          "ko": "공유",
          "nb": "Deling",
          "nl": "Delen",
          "pl": "Udostępnianie",
          "pt-BR": "Compartilhamento",
          "pt-PT": "Partilha",
          "sv": "Delning",
          "th": "การแชร์",
          "tr": "Paylaşım",
          "vi": "Chia sẻ",
          "zh-CN": "分享",
          "zh-TW": "分享"
        }
      },
      {
        "type": "select",
        "id": "social_sharing_style",
        "label": {
          "cs": "Styl tlačítka",
          "da": "Knaptypografi",
          "de": "Schaltflächenstil",
          "en": "Button style",
          "es": "Estilo de botón",
          "fi": "Painikkeen tyyli",
          "fr": "Style de bouton",
          "it": "Stile pulsante",
          "ja": "ボタンのスタイル",
          "ko": "버튼 스타일",
          "nb": "Knappestil",
          "nl": "Knopstijl",
          "pl": "Styl przycisku",
          "pt-BR": "Estilo de botão",
          "pt-PT": "Estilo de botão",
          "sv": "Knappstil",
          "th": "สไตล์ปุ่ม",
          "tr": "Düğme stili",
          "vi": "Kiểu nút",
          "zh-CN": "按钮样式",
          "zh-TW": "按鈕樣式"
        },
        "options": [
          {
            "value": "is-default",
            "label": {
              "cs": "Normální",
              "da": "Normal",
              "de": "Normal",
              "en": "Normal",
              "es": "Normal",
              "fi": "Normaali",
              "fr": "Normal",
              "it": "Normale",
              "ja": "ノーマル",
              "ko": "노멀",
              "nb": "Normal",
              "nl": "Normaal",
              "pl": "Standard",
              "pt-BR": "Normal",
              "pt-PT": "Normal",
              "sv": "Normal",
              "th": "ปกติ",
              "tr": "Normal",
              "vi": "Bình thường",
              "zh-CN": "正常",
              "zh-TW": "一般"
            }
          },
          {
            "value": "is-large",
            "label": {
              "cs": "Velké tlačítko",
              "da": "Stor",
              "de": "Groß",
              "en": "Large",
              "es": "Grande",
              "fi": "Suuri",
              "fr": "Grande",
              "it": "Large",
              "ja": "大",
              "ko": "라지",
              "nb": "Stor",
              "nl": "Groot",
              "pl": "Duży",
              "pt-BR": "Grande",
              "pt-PT": "Grande",
              "sv": "Stor",
              "th": "ใหญ่",
              "tr": "Büyük",
              "vi": "Lớn",
              "zh-CN": "大",
              "zh-TW": "大型"
            }
          },
          {
            "value": "is-clean",
            "label": {
              "cs": "Čistý design",
              "da": "Ren",
              "de": "Clean",
              "en": "Clean",
              "es": "Limpio",
              "fi": "Tyhjä",
              "fr": "Clean",
              "it": "Pulito",
              "ja": "クリーン",
              "ko": "클린",
              "nb": "Ren",
              "nl": "Schoon",
              "pl": "Wyczyść",
              "pt-BR": "Clean",
              "pt-PT": "Limpo",
              "sv": "Rena",
              "th": "เรียบร้อย",
              "tr": "Temizle",
              "vi": "Gọn nhẹ",
              "zh-CN": "简洁",
              "zh-TW": "簡潔"
            }
          }
        ]
      },
      {
        "type": "checkbox",
        "id": "share_facebook",
        "label": {
          "cs": "Sdílet na Facebooku",
          "da": "Del på Facebook",
          "de": "Auf Facebook teilen",
          "en": "Share on Facebook",
          "es": "Compartir en Facebook",
          "fi": "Jaa Facebookissa",
          "fr": "Partager sur Facebook",
          "it": "Condividi su Facebook",
          "ja": "Facebookでシェアする",
          "ko": "Facebook에서 공유",
          "nb": "Del på Facebook",
          "nl": "Delen op Facebook",
          "pl": "Udostępnij na Facebooku",
          "pt-BR": "Compartilhar no Facebook",
          "pt-PT": "Partilhe no Facebook",
          "sv": "Dela på Facebook",
          "th": "แชร์บน Facebook",
          "tr": "Facebook'ta paylaş",
          "vi": "Chia sẻ trên Facebook",
          "zh-CN": "在 Facebook 上共享",
          "zh-TW": "分享至 Facebook"
        }
      },
      {
        "type": "checkbox",
        "id": "share_twitter",
        "label": {
          "cs": "Tweetnout na Twitteru",
          "da": "Tweet på Twitter",
          "de": "Auf Twitter twittern",
          "en": "Tweet on Twitter",
          "es": "Tuitear en Twitter",
          "fi": "Twiittaa Twitterissä",
          "fr": "Tweeter sur Twitter",
          "it": "Twitta su Twitter",
          "ja": "Twitterに投稿する",
          "ko": "Twitter에서 트윗 작성",
          "nb": "Tweet på Twitter",
          "nl": "Twitteren op Twitter",
          "pl": "Tweetuj na Twitterze",
          "pt-BR": "Tuitar",
          "pt-PT": "Twittar no Twitter",
          "sv": "Twittra på Twitter",
          "th": "ทวีตบน Twitter",
          "tr": "Twitter'da tweet'le",
          "vi": "Tweet trên Twitter",
          "zh-CN": "在 Twitter 上发推文",
          "zh-TW": "在 Twitter 上發佈推文"
        }
      },
      {
        "type": "checkbox",
        "id": "share_pinterest",
        "label": {
          "cs": "Připnout na Pinterestu",
          "da": "Pin på Pinterest",
          "de": "Auf Pinterest pinnen",
          "en": "Pin on Pinterest",
          "es": "Pinear en Pinterest",
          "fi": "Pinnaa Pinterestissä",
          "fr": "Épingler sur Pinterest",
          "it": "Pinna su Pinterest",
          "ja": "Pinterestでピンする",
          "ko": "Pinterest에 고정하기",
          "nb": "Pin på Pinterest",
          "nl": "Pinnen op Pinterest",
          "pl": "Przypnij do tablicy Pinterest",
          "pt-BR": "Incluir como pin no Pinterest",
          "pt-PT": "Adicione no Pinterest",
          "sv": "Spara en pin på Pinterest",
          "th": "ปักหมุดบน Pinterest",
          "tr": "Pinterest'te pin ekle",
          "vi": "Ghim trên Pinterest",
          "zh-CN": "固定在 Pinterest 上",
          "zh-TW": "加入 Pinterest"
        }
      }
    ]
  },
  {
    "name": {
      "cs": "Formát ceny",
      "da": "Prisformat",
      "de": "Preisformat",
      "en": "Price format",
      "es": "Formato de precio",
      "fi": "Hinnan muoto",
      "fr": "Format de prix",
      "it": "Formato del prezzo",
      "ja": "価格のフォーマット",
      "ko": "가격 형식",
      "nb": "Prisformat",
      "nl": "Prijsindeling",
      "pl": "Format ceny",
      "pt-BR": "Formatos dos preços",
      "pt-PT": "Formato do preço",
      "sv": "Prisformat",
      "th": "รูปแบบราคา",
      "tr": "Fiyat biçimi",
      "vi": "Định dạng giá",
      "zh-CN": "价格格式",
      "zh-TW": "價格格式"
    },
    "settings": [
      {
        "type": "checkbox",
        "id": "superscript_decimals",
        "label": {
          "cs": "Zobrazit centy jako horní index",
          "da": "Vis cents med hævet skrift",
          "de": "Cents hochgestellt anzeigen",
          "en": "Show cents as superscript",
          "es": "Mostrar centavos como superíndice",
          "fi": "Näytä sentit yläindeksinä",
          "fr": "Afficher les centimes en exposant",
          "it": "Mostra centesimi come apice",
          "ja": "セントを上付き文字で表示する",
          "ko": "센트를 어깨글자로 표시",
          "nb": "Vis cent som hevet skrift",
          "nl": "Toon centen als superscript",
          "pl": "Wyświetl centy w indeksie górnym",
          "pt-BR": "Apresentar centavos como sobrescrito",
          "pt-PT": "Mostrar cêntimos como superior à linha",
          "sv": "Visa cents som superscript",
          "th": "แสดงเศษในรูปแบบตัวยก",
          "tr": "Üst simge olarak sent göster",
          "vi": "Hiển thị tiền xu làm chỉ số trên",
          "zh-CN": "将分币显示为上标",
          "zh-TW": "將美分顯示為上標"
        },
        "info": {
          "cs": "Toto nastavení neplatí v případě, že používáte [výběr měny](https:\/\/help.shopify.com\/themes\/customization\/currencies\/switch-between-two-currencies) nebo formát, který zahrnuje tečku před číslicí. Například: RS.1,000.00. [Získejte další informace.](https:\/\/help.shopify.com\/manual\/using-themes\/themes-by-shopify\/supply#price-format-general-settings-specific)",
          "da": "Denne indstilling vil ikke være gældende, hvis du bruger en [valutavælger](https:\/\/help.shopify.com\/themes\/customization\/currencies\/switch-between-two-currencies) eller et format, der indeholder et punktum før tallet. For eksempel: DKK.1.000,00. [Flere oplysninger.](https:\/\/help.shopify.com\/manual\/using-themes\/themes-by-shopify\/supply#price-format-general-settings-specific)",
          "de": "Diese Einstellung wird nicht angewendet, wenn du eine [Währungsauswahl](https:\/\/help.shopify.com\/themes\/customization\/currencies\/switch-between-two-currencies) benutzt oder ein Format verwendest, bei dem ein Punkt vor die Zahl gesetzt wird. Zum Beispiel: RS.1.000,00. [Mehr Infos.](https:\/\/help.shopify.com\/manual\/using-themes\/themes-by-shopify\/supply#price-format-general-settings-specific)",
          "en": "This setting won't apply if you're using a [currency selector](https:\/\/help.shopify.com\/themes\/customization\/currencies\/switch-between-two-currencies) or format that includes a period before the number. For example: RS.1,000.00. [More info.](https:\/\/help.shopify.com\/manual\/using-themes\/themes-by-shopify\/supply#price-format-general-settings-specific)",
          "es": "Esta configuración no se aplicará si estás usando un [selector de moneda](https:\/\/help.shopify.com\/themes\/customization\/currencies\/switch-between-two-currencies) o un formato que incluya un punto antes de la cifra. Por ejemplo: RS.1,000.00. [Más información](https:\/\/help.shopify.com\/manual\/using-themes\/themes-by-shopify\/supply#price-format-general-settings-specific)",
          "fi": "Asetus ei ole voimassa, mikäli käytät [valuutanvalitsinta](https:\/\/help.shopify.com\/themes\/customization\/currencies\/switch-between-two-currencies) tai muotoa, jossa on piste ennen numeroa. Esimerkiksi: RS. 1000,00. [Lisätietoa.](https:\/\/help.shopify.com\/manual\/using-themes\/themes-by-shopify\/supply#price-format-general-settings-specific)",
          "fr": "Ce paramètre ne s'appliquera pas si vous utilisez un [sélecteur de devise](https:\/\/help.shopify.com\/themes\/customization\/currencies\/switch-between-two-currencies) ou un format qui inclut un point avant le chiffre. Par exemple : RS.1 000,00. [Plus d'informations.](https:\/\/help.shopify.com\/manual\/using-themes\/themes-by-shopify\/supply#price-format-general-settings-specific)",
          "it": "Questa impostazione non sarà applicata se utilizzi un [selettore di valuta](https:\/\/help.shopify.com\/themes\/customization\/currencies\/switch-between-two-currencies) o un formato che include un punto fermo prima del numero. Ad esempio: RS. 1,000.00. [Ulteriori informazioni.](https:\/\/help.shopify.com\/manual\/using-themes\/themes-by-shopify\/supply#price-format-general-settings-specific)",
          "ja": "[通貨セレクター](https:\/\/help.shopify.com\/themes\/customization\/currencies\/switch-between-two-currencies) または数字の前のピリオドを含む形式を使用している場合、この設定は適用されません。例: RS.1,000.00.[詳細情報](https:\/\/help.shopify.com\/manual\/using-themes\/themes-by-shopify\/supply#price-format-general-settings-specific)",
          "ko": "숫자 앞에 점이 포함되는 [통화 선택기](https:\/\/help.shopify.com\/themes\/customization\/currencies\/switch-between-two-currencies) 또는 형식을 사용 중인 경우에는 이 설정이 적용되지 않습니다. 예: RS.1,000.00. [자세한 정보.](https:\/\/help.shopify.com\/manual\/using-themes\/themes-by-shopify\/supply#price-format-general-settings-specific)",
          "nb": "Denne innstillingen vil ikke gjelde hvis du bruker en [valutavelger](https:\/\/help.shopify.com\/themes\/customization\/currencies\/switch-between-two-currencies) eller et format som inneholder et punktum før tallet. For eksempel: RS. 1.000,00. [Mer informasjon.](https:\/\/help.shopify.com\/manual\/using-themes\/themes-by-shopify\/supply#price-format-general-settings-specific)",
          "nl": "Deze instelling is niet van toepassing als je gebruik maakt van een [valutakiezer](https:\/\/help.shopify.com\/themes\/customization\/currencies\/switch-between-two-currencies) of een formaat dat een punt vóór het getal bevat. Bijvoorbeeld: RS.1.000,00. [Voor meer informatie.](https:\/\/help.shopify.com\/manual\/using-themes\/themes-by-shopify\/supply#price-format-general-settings-specific)",
          "pl": "To ustawienie nie będzie miało zastosowania w przypadku korzystania z [selektora walut](https:\/\/help.shopify.com\/themes\/customization\/currencies\/switch-between-two-currencies) lub formatu, który zawiera kropkę przed numerem. Np.: RS.1,000.00. [Więcej informacji.](https:\/\/help.shopify.com\/manual\/using-themes\/themes-by-shopify\/supply#price-format-general-settings-specific)",
          "pt-BR": "Essa configuração não se aplica se você está usando um [seletor de moeda](https:\/\/help.shopify.com\/themes\/customization\/currencies\/switch-between-two-currencies) ou formato que inclui um ponto antes do número. Por exemplo: RS.1.000,00. [Mais informações.](https:\/\/help.shopify.com\/manual\/using-themes\/themes-by-shopify\/supply#price-format-general-settings-specific)",
          "pt-PT": "Esta definição não se aplica se estiver a utilizar um [seletor de moeda](https:\/\/help.shopify.com\/themes\/customization\/currencies\/switch-between-two-currencies) ou formato que inclua um ponto antes do número. Por exemplo: .1,000.00 RS. [Mais informações.](https:\/\/help.shopify.com\/manual\/using-themes\/themes-by-shopify\/supply#price-format-general-settings-specific)",
          "sv": "Inställningen är inte tillämpbar om du använder en [valutaväljare](https:\/\/help.shopify.com\/themes\/customization\/currencies\/switch-between-two-currencies) eller ett format som innehåller en punkt före siffran. Till exempel: RS.1000,00. [Ytterligare information.](https:\/\/help.shopify.com\/manual\/using-themes\/themes-by-shopify\/supply#price-format-general-settings-specific)",
          "th": "ระบบจะไม่ใช้การตั้งค่านี้หากคุณใช้ [เครื่องมือเลือกสกุลเงิน](https:\/\/help.shopify.com\/themes\/customization\/currencies\/switch-between-two-currencies) หรือรูปแบบที่มีจุดหน้าตัวเลข เช่น: RS.1,000.00 [ดูข้อมูลเพิ่มเติม](https:\/\/help.shopify.com\/manual\/using-themes\/themes-by-shopify\/supply#price-format-general-settings-specific)",
          "tr": "Bir [para birimi seçici](https:\/\/help.shopify.com\/themes\/customization\/currencies\/switch-between-two-currencies) veya sayıdan önce nokta içeren bir format kullanıyorsanız bu ayar geçerli değildir. Örneğin: RS.1,000.00. [Daha fazla bilgi.](https:\/\/help.shopify.com\/manual\/using-themes\/themes-by-shopify\/supply#price-format-general-settings-specific)",
          "vi": "Cài đặt này không áp dụng nếu bạn sử dụng [hộp chọn đơn vị tiền tệ](https:\/\/help.shopify.com\/themes\/customization\/currencies\/switch-between-two-currencies) hoặc định dạng chứa dấu chấm trước số. Ví dụ: RS.1.000,00. [Thông tin thêm.](https:\/\/help.shopify.com\/manual\/using-themes\/themes-by-shopify\/supply#price-format-general-settings-specific)",
          "zh-CN": "如果您使用的是 [货币选择器](https:\/\/help.shopify.com\/themes\/customization\/currencies\/switch-between-two-currencies) 或数字前包含句点这种格式的设置，此设置便不适用。例如：1,000.00 卢比。[更多信息](https:\/\/help.shopify.com\/manual\/using-themes\/themes-by-shopify\/supply#price-format-general-settings-specific)",
          "zh-TW": "如果您使用 [幣別選擇器](https:\/\/help.shopify.com\/themes\/customization\/currencies\/switch-between-two-currencies)或數字前方帶有英文句點的格式，則無法套用此設定。例如：RS.1,000.00。[更多資訊](https:\/\/help.shopify.com\/manual\/using-themes\/themes-by-shopify\/supply#price-format-general-settings-specific)"
        }
      }
    ]
  }
]