{
  "current": {
    "color_primary": "#528ec1",
    "color_secondary": "#dcdcdc",
    "color_accent": "#dd2525",
    "color_body_bg": "#fff",
    "color_borders": "#ececec",
    "color_header_background": "#182e49",
    "color_header_text": "#fff",
    "color_header_cart_search": "#0f243d",
    "color_nav_bg": "#182e49",
    "color_nav_text": "#fff",
    "color_body_text": "#585858",
    "color_heading_text": "#000",
    "color_footer_bg": "#f2f2f2",
    "color_footer_text": "#636363",
    "color_footer_social_link": "#bbbbbb",
    "type_base_font": "montserrat_n5",
    "type_base_size": "13px",
    "type_header_font": "montserrat_n7",
    "type_header_transform": true,
    "type_accent_font": "montserrat_n5",
    "type_navigation_size": "14px",
    "type_navigation_transform": true,
    "type_button_size": "14px",
    "type_button_transform": true,
    "favicon": "shopify:\/\/shop_images\/UAW_Favicon.png",
    "cart_notes_enable": false,
    "ajax_cart_method": "modal",
    "social_twitter_link": "",
    "social_facebook_link": "",
    "social_pinterest_link": "",
    "social_google_plus_link": "",
    "social_instagram_link": "",
    "social_snapchat_link": "",
    "social_tumblr_link": "",
    "social_youtube_link": "",
    "social_vimeo_link": "",
    "social_fancy_link": "",
    "social_sharing_style": "is-normal",
    "share_facebook": true,
    "share_twitter": true,
    "share_pinterest": true,
    "superscript_decimals": true,
    "collection_sidebar_filters": "tags",
    "sections": {
      "header": {
        "type": "header",
        "settings": {
          "menu": "main-menu",
          "logo_max_width": "305",
          "show_announcement": false,
          "announcement_text": "Announce something here",
          "announcement_link": ""
        }
      },
      "footer": {
        "type": "footer",
        "blocks": {
          "menu": {
            "type": "menu",
            "settings": {
              "title": "Quick links",
              "menu": "",
              "width": "16%"
            }
          },
          "text": {
            "type": "text",
            "settings": {
              "title": "Get in touch",
              "richtext": "<p>Use this text to share information about your brand with your customers.<\/p>",
              "width": "50%"
            }
          },
          "newsletter": {
            "type": "newsletter",
            "settings": {
              "title": "Newsletter",
              "subtext": "<p>Promotions, new products and sales. Directly to your inbox.<\/p>",
              "width": "33%"
            }
          }
        },
        "block_order": [
          "menu",
          "text",
          "newsletter"
        ],
        "settings": {
          "social_enabled": false,
          "show_payment_icons": true,
          "legal_menu": ""
        }
      },
      "slideshow": {
        "type": "slideshow",
        "blocks": {
          "slide-0": {
            "type": "image",
            "settings": {
              "link": ""
            }
          },
          "slide-1": {
            "type": "image",
            "settings": {
              "link": ""
            }
          },
          "slide-2": {
            "type": "image",
            "settings": {
              "link": ""
            }
          }
        },
        "block_order": [
          "slide-0",
          "slide-1",
          "slide-2"
        ],
        "settings": {
          "slider_home_auto": false,
          "slider_home_rate": "5000"
        }
      },
      "collection-list": {
        "type": "collection-list",
        "disabled": true,
        "blocks": {
          "collection-list-0": {
            "type": "collection",
            "settings": {
              "collection": ""
            }
          },
          "collection-list-1": {
            "type": "collection",
            "settings": {
              "collection": ""
            }
          }
        },
        "block_order": [
          "collection-list-0",
          "collection-list-1"
        ],
        "settings": {
        }
      },
      "product-template": {
        "type": "product-template",
        "settings": {
          "product_image_zoom_enable": true,
          "product_quantity_enable": true,
          "product_quantity_message": true,
          "product_incoming_message": true,
          "product_vendor_enable": true,
          "product_show_saved_amount": true,
          "product_show_compare_at_price": true,
          "related_products_enable": true,
          "enable_payment_button": true,
          "social_sharing_products": true,
          "product_reviews_enable": true,
          "add_to_cart_button_size": "medium"
        }
      },
      "home-slider": {
        "type": "home-slider",
        "blocks": {
          "d7ed7a6d-ef38-45aa-ab72-95e6d7f318c4": {
            "type": "first-image",
            "settings": {
              "imageOne": "shopify:\/\/shop_images\/Polycotton-Tactical-Stripe-Polos-Banner.jpg"
            }
          },
          "534ea2e5-2ec9-4e33-9dba-f35e701c3aac": {
            "type": "second-image",
            "settings": {
              "imageOne": "shopify:\/\/shop_images\/LED-BATON-ROAD-FLARE-BANNER.jpg"
            }
          },
          "27b5628c-4745-4796-a12f-7dec4801aed1": {
            "type": "third-image",
            "settings": {
              "imageOne": "shopify:\/\/shop_images\/LED-BATON-ROAD-FLARE-BANNER.jpg"
            }
          },
          "15c3046a-4c07-4a6b-a70e-2b89eb919665": {
            "type": "fourth-image",
            "settings": {
              "imageOne": "shopify:\/\/shop_images\/Polycotton-Tactical-Stripe-Polos-Banner.jpg"
            }
          },
          "038a3964-bcd0-4578-a343-647f28db2410": {
            "type": "first-image-patch",
            "settings": {
              "imageOne": "shopify:\/\/shop_images\/custom-badges-banner-c.jpg",
              "linkPatch": "#"
            }
          },
          "c66278d8-5065-4bec-bdf2-93b57e51045e": {
            "type": "second-image-patch",
            "settings": {
              "imageOne": "shopify:\/\/shop_images\/custom-badges-banner-c.jpg",
              "linkPatch": "#"
            }
          },
          "2a9a0f86-227a-4dc6-8590-adc4004a8231": {
            "type": "third-image-patch",
            "settings": {
              "imageOne": "shopify:\/\/shop_images\/custom-badges-banner-c.jpg",
              "linkPatch": "#"
            }
          },
          "533f7eb4-9984-4245-b5c6-b93464da6f18": {
            "type": "fourth-image-patch",
            "settings": {
              "imageOne": "shopify:\/\/shop_images\/custom-badges-banner-c.jpg",
              "linkPatch": "#"
            }
          }
        },
        "block_order": [
          "d7ed7a6d-ef38-45aa-ab72-95e6d7f318c4",
          "534ea2e5-2ec9-4e33-9dba-f35e701c3aac",
          "27b5628c-4745-4796-a12f-7dec4801aed1",
          "15c3046a-4c07-4a6b-a70e-2b89eb919665",
          "038a3964-bcd0-4578-a343-647f28db2410",
          "c66278d8-5065-4bec-bdf2-93b57e51045e",
          "2a9a0f86-227a-4dc6-8590-adc4004a8231",
          "533f7eb4-9984-4245-b5c6-b93464da6f18"
        ],
        "settings": {
        }
      },
      "brands-slider": {
        "type": "brands-slider",
        "blocks": {
          "924fec6d-29df-4772-9179-df22e45e55e2": {
            "type": "heading",
            "disabled": true,
            "settings": {
              "heading": "Brands"
            }
          },
          "0044c501-f3d9-45bd-9250-6618d18e655c": {
            "type": "slide",
            "settings": {
              "image": "shopify:\/\/shop_images\/Danner.png",
              "link": "#"
            }
          },
          "8be3e226-7d23-4f83-a078-b0001eb0cef7": {
            "type": "slide",
            "settings": {
              "image": "shopify:\/\/shop_images\/Danner.png",
              "link": "#"
            }
          },
          "2e0ef486-109d-4320-9cd1-f8928ae3dc8f": {
            "type": "slide",
            "settings": {
              "image": "shopify:\/\/shop_images\/Danner.png",
              "link": "#"
            }
          },
          "9aafd1e0-8f17-4e90-a14d-4951749a4466": {
            "type": "slide",
            "settings": {
              "image": "shopify:\/\/shop_images\/Danner.png",
              "link": "#"
            }
          },
          "3354388a-20b6-43dc-bab3-d5aaaff3cfb8": {
            "type": "slide",
            "settings": {
              "image": "shopify:\/\/shop_images\/Danner.png",
              "link": "#"
            }
          },
          "947dfaa5-9345-4fea-b254-5b059ea465bd": {
            "type": "slide",
            "settings": {
              "image": "shopify:\/\/shop_images\/Danner.png",
              "link": "#"
            }
          }
        },
        "block_order": [
          "924fec6d-29df-4772-9179-df22e45e55e2",
          "0044c501-f3d9-45bd-9250-6618d18e655c",
          "8be3e226-7d23-4f83-a078-b0001eb0cef7",
          "2e0ef486-109d-4320-9cd1-f8928ae3dc8f",
          "9aafd1e0-8f17-4e90-a14d-4951749a4466",
          "3354388a-20b6-43dc-bab3-d5aaaff3cfb8",
          "947dfaa5-9345-4fea-b254-5b059ea465bd"
        ],
        "settings": {
        }
      }
    },
    "content_for_index": [

    ]
  },
  "presets": {
    "Blue": {
      "ajax_cart_method": "modal",
      "cart_notes_enable": false,
      "collection_sidebar_filters": "tags",
      "color_accent": "#dd2525",
      "color_body_bg": "#fff",
      "color_body_text": "#585858",
      "color_borders": "#ececec",
      "color_footer_bg": "#f2f2f2",
      "color_footer_social_link": "#bbbbbb",
      "color_footer_text": "#636363",
      "color_header_background": "#182e49",
      "color_header_cart_search": "#0f243d",
      "color_header_text": "#fff",
      "color_heading_text": "#000",
      "color_nav_bg": "#182e49",
      "color_nav_text": "#fff",
      "color_primary": "#528ec1",
      "color_secondary": "#dcdcdc",
      "share_facebook": true,
      "share_pinterest": true,
      "share_twitter": true,
      "social_facebook_link": "",
      "social_fancy_link": "",
      "social_google_plus_link": "",
      "social_instagram_link": "",
      "social_pinterest_link": "",
      "social_sharing_style": "is-normal",
      "social_snapchat_link": "",
      "social_tumblr_link": "",
      "social_twitter_link": "",
      "social_vimeo_link": "",
      "social_youtube_link": "",
      "type_accent_font": "montserrat_n5",
      "type_base_font": "montserrat_n5",
      "type_base_size": "13px",
      "type_button_size": "14px",
      "type_button_transform": true,
      "type_header_font": "montserrat_n7",
      "type_header_transform": true,
      "type_navigation_size": "14px",
      "type_navigation_transform": true,
      "superscript_decimals": true,
      "sections": {
        "header": {
          "type": "header",
          "settings": {
            "logo": "",
            "logo_max_width": "305"
          }
        },
        "footer": {
          "type": "footer",
          "blocks": {
            "menu": {
              "type": "menu",
              "settings": {
                "title": "Quick links",
                "menu": "",
                "width": "16%"
              }
            },
            "text": {
              "type": "text",
              "settings": {
                "title": "Get in touch",
                "richtext": "<p>Use this text to share information about your brand with your customers.<\/p>",
                "width": "50%"
              }
            },
            "newsletter": {
              "type": "newsletter",
              "settings": {
                "title": "Newsletter",
                "width": "33%"
              }
            }
          },
          "block_order": [
            "menu",
            "text",
            "newsletter"
          ],
          "settings": {
            "social_enabled": false,
            "legal_menu": ""
          }
        },
        "slideshow": {
          "type": "slideshow",
          "blocks": {
            "slide-0": {
              "type": "image",
              "settings": {
                "slide": "",
                "link": ""
              }
            },
            "slide-1": {
              "type": "image",
              "settings": {
                "slide": "",
                "link": ""
              }
            },
            "slide-2": {
              "type": "image",
              "settings": {
                "slide": "",
                "link": ""
              }
            }
          },
          "block_order": [
            "slide-0",
            "slide-1",
            "slide-2"
          ],
          "settings": {
            "slider_home_auto": false,
            "slider_home_rate": "5000"
          }
        },
        "collection-list": {
          "type": "collection-list",
          "blocks": {
            "collection-list-0": {
              "type": "collection",
              "settings": {
                "collection": ""
              }
            },
            "collection-list-1": {
              "type": "collection",
              "settings": {
                "collection": ""
              }
            }
          },
          "block_order": [
            "collection-list-0",
            "collection-list-1"
          ],
          "settings": {
          }
        },
        "collection-row-1": {
          "type": "collection-rows",
          "settings": {
            "home_featured_row": "",
            "grid": 4,
            "rows": 1
          }
        },
        "collection-row-2": {
          "type": "collection-rows",
          "settings": {
            "home_featured_row": "",
            "grid": 4,
            "rows": 1
          }
        },
        "collection-row-3": {
          "type": "collection-rows",
          "settings": {
            "home_featured_row": "",
            "grid": 4,
            "rows": 1
          }
        }
      },
      "content_for_index": [
        "slideshow",
        "collection-list",
        "collection-row-1",
        "collection-row-2",
        "collection-row-3"
      ]
    },
    "Light": {
      "ajax_cart_method": "modal",
      "cart_notes_enable": false,
      "collection_sidebar_filters": "tags",
      "color_accent": "#545454",
      "color_body_bg": "#f3f3f3",
      "color_body_text": "#858585",
      "color_borders": "#dedede",
      "color_footer_bg": "#ffffff",
      "color_footer_social_link": "#545454",
      "color_footer_text": "#545454",
      "color_header_background": "#ffffff",
      "color_header_cart_search": "#f3f3f3",
      "color_header_text": "#545454",
      "color_heading_text": "#2f2f2f",
      "color_nav_bg": "#9c756f",
      "color_nav_text": "#ffffff",
      "color_primary": "#9c756f",
      "color_secondary": "#f3f3f3",
      "share_facebook": true,
      "share_pinterest": true,
      "share_twitter": true,
      "social_facebook_link": "",
      "social_google_plus_link": "",
      "social_instagram_link": "",
      "social_sharing_style": "is-normal",
      "social_twitter_link": "",
      "type_accent_font": "lato_n7",
      "type_base_font": "roboto_n4",
      "type_base_size": "14px",
      "type_button_size": "14px",
      "type_button_transform": true,
      "type_header_font": "times_new_roman_n7",
      "type_header_transform": false,
      "type_navigation_size": "14px",
      "type_navigation_transform": true,
      "superscript_decimals": true,
      "sections": {
        "header": {
          "type": "header",
          "settings": {
            "logo": "",
            "logo_max_width": "305"
          }
        },
        "footer": {
          "type": "footer",
          "blocks": {
            "menu": {
              "type": "menu",
              "settings": {
                "title": "Quick links",
                "menu": "",
                "width": "16%"
              }
            },
            "text": {
              "type": "text",
              "settings": {
                "title": "Get in touch",
                "richtext": "<p>Use this text to share information about your brand with your customers.<\/p>",
                "width": "50%"
              }
            },
            "newsletter": {
              "type": "newsletter",
              "settings": {
                "title": "Newsletter",
                "width": "33%"
              }
            }
          },
          "block_order": [
            "menu",
            "text",
            "newsletter"
          ],
          "settings": {
            "social_enabled": false,
            "legal_menu": ""
          }
        },
        "slideshow": {
          "type": "slideshow",
          "blocks": {
            "slide-0": {
              "type": "image",
              "settings": {
                "slide": "",
                "link": ""
              }
            }
          },
          "block_order": [
            "slide-0"
          ],
          "settings": {
            "slider_home_auto": false,
            "slider_home_rate": "5000"
          }
        },
        "collection-list": {
          "type": "collection-list",
          "blocks": {
            "collection-list-0": {
              "type": "collection",
              "settings": {
                "collection": ""
              }
            },
            "collection-list-1": {
              "type": "collection",
              "settings": {
                "collection": ""
              }
            }
          },
          "block_order": [
            "collection-list-0",
            "collection-list-1"
          ],
          "settings": {
          }
        },
        "collection-row-1": {
          "type": "collection-rows",
          "settings": {
            "home_featured_row": "",
            "grid": 4,
            "rows": 1
          }
        },
        "collection-row-2": {
          "type": "collection-rows",
          "settings": {
            "home_featured_row": "",
            "grid": 4,
            "rows": 1
          }
        },
        "collection-row-3": {
          "type": "collection-rows",
          "settings": {
            "home_featured_row": "",
            "grid": 4,
            "rows": 1
          }
        },
        "featured-content": {
          "type": "featured-content",
          "settings": {
          }
        },
        "slideshow-2": {
          "type": "slideshow",
          "blocks": {
            "slideshow-2-0": {
              "type": "image",
              "settings": {
                "slide": "",
                "link": ""
              }
            }
          },
          "block_order": [
            "slideshow-2-0"
          ],
          "settings": {
            "slider_home_auto": false,
            "slider_home_rate": "5000"
          }
        }
      },
      "content_for_index": [
        "slideshow",
        "collection-list",
        "collection-row-1",
        "collection-row-2",
        "collection-row-3",
        "slideshow-2",
        "featured-content"
      ]
    }
  }
}